Timestamp,User Count,Type,Name,Requests/s,Failures/s,50%,66%,75%,80%,90%,95%,98%,99%,99.9%,99.99%,100%,Total Request Count,Total Failure Count,Total Median Response Time,Total Average Response Time,Total Min Response Time,Total Max Response Time,Total Average Content Size
1789787914,0,,Aggregated,0.000000,0.000000,N/A,N/A,N/A,N/A,N/A,N/A,N/A,N/A,N/A,N/A,N/A,0,0,0,0.0,0,0,0
1789787915,2,MYSQL,SELECT clientes,0.000000,0.000000,0,0,0,0,0,0,0,0,0,0,0,1,0,285.4767550015822,285.4767550015822,285.4767550015822,285.4767550015822,9.0
1789787915,2,MYSQL,SELECT pedidos,0.000000,0.000000,0,0,0,0,0,0,0,0,0,0,0,4,0,71,162.4282235006831,21.099268000398297,282.4633320051362,2.0
1789787915,2,MYSQL,SELECT producto,0.000000,0.000000,0,0,0,0,0,0,0,0,0,0,0,1,0,311.6818080015946,311.6818080015946,311.6818080015946,311.6818080015946,1.0
1789787915,2,,Aggregated,0.000000,0.000000,0,0,0,0,0,0,0,0,0,0,0,6,0,270.0,207.81190950098485,21.099268000398297,311.6818080015946,3.0
1789787916,4,MYSQL,SELECT clientes,0.000000,0.000000,0,0,0,0,0,0,0,0,0,0,0,9,0,11,56.436997333851956,1.054526997904759,285.4767550015822,9.0
1789787916,4,MYSQL,SELECT conteo,0.000000,0.000000,0,0,0,0,0,0,0,0,0,0,0,4,0,68,68.8474464986939,67.69554399943445,70.04568800039124,1.0
1789787916,4,MYSQL,SELECT pedidos,0.000000,0.000000,70,71,71,270,270,270,270,270,270,270,270,7,0,70,103.30808857231334,1.3635030045406893,282.4633320051362,2.0
1789787916,4,MYSQL,SELECT producto,0.000000,0.000000,69,69,71,71,83,83,83,83,83,83,83,7,0,69,86.53105028601463,1.1292560011497699,311.6818080015946,1.0
1789787916,4,MYSQL,UPDATE stock,0.000000,0.000000,0,0,0,0,0,0,0,0,0,0,0,1,0,69.71652900392655,69.71652900392655,69.71652900392655,69.71652900392655,0.0
1789787916,4,,Aggregated,0.000000,0.000000,69,70,70,71,83,270,290,290,290,290,290,28,0,69,77.92547367898806,1.054526997904759,311.6818080015946,3.7857142857142856
1789787917,6,MYSQL,SELECT clientes,0.000000,0.000000,70,71,72,72,290,290,290,290,290,290,290,16,0,67,72.01850018782352,1.054526997904759,293.70408300019335,9.0
1789787917,6,MYSQL,SELECT conteo,0.000000,0.000000,70,70,86,86,86,86,86,86,86,86,86,6,0,70,71.93715333293464,67.69554399943445,86.08959800039884,1.0
1789787917,6,MYSQL,SELECT pedidos,2.000000,0.000000,70,71,71,77,270,270,270,270,270,270,270,12,0,70,89.76995350046006,1.3635030045406893,282.4633320051362,2.0
1789787917,6,MYSQL,SELECT producto,1.000000,0.000000,69,71,74,75,83,280,280,280,280,280,280,16,0,69,82.07104268740295,1.1292560011497699,311.6818080015946,1.0
1789787917,6,MYSQL,UPDATE stock,0.000000,0.000000,0,0,0,0,0,0,0,0,0,0,0,4,1,150.0,284.2580397518759,69.71652900392655,459.2642520001391,0.0
1789787917,6,,Aggregated,3.000000,0.000000,70,71,74,75,270,290,460,460,460,460,460,54,1,70,94.65420753730103,1.054526997904759,459.2642520001391,3.5185185185185186
1789787918,8,MYSQL,SELECT clientes,4.000000,0.000000,69,70,71,72,280,290,290,290,290,290,290,22,0,67,68.35396250012722,1.054526997904759,293.70408300019335,9.0
1789787918,8,MYSQL,SELECT conteo,1.000000,0.000000,70,70,76,76,86,86,86,86,86,86,86,9,0,70,64.33916433242202,2.319204999366775,86.08959800039884,1.0
1789787918,8,MYSQL,SELECT pedidos,2.500000,0.000000,70,71,71,71,88,270,270,270,270,270,270,21,0,70,78.62545061929961,1.1019489975296892,282.4633320051362,2.0
1789787918,8,MYSQL,SELECT producto,3.000000,0.000000,69,70,71,73,75,83,280,280,280,280,280,31,0,69,67.0856200639748,1.0518029957893305,311.6818080015946,1.0
1789787918,8,MYSQL,UPDATE stock,0.000000,0.000000,220,240,460,460,490,490,490,490,490,490,490,11,2,220.0,241.66104300159284,69.71652900392655,494.18272500042804,0.0
1789787918,8,,Aggregated,10.500000,0.000000,70,71,73,76,220,290,460,490,490,490,490,94,2,70,90.12659374468754,1.0518029957893305,494.18272500042804,2.978723404255319
1789787919,10,MYSQL,SELECT clientes,5.000000,0.000000,68,69,70,71,280,290,290,290,290,290,290,28,0,68,65.99186957152726,1.054526997904759,293.70408300019335,9.0
1789787919,10,MYSQL,SELECT conteo,2.000000,0.000000,70,70,71,71,76,86,86,86,86,86,86,13,0,70,65.72026876808825,2.319204999366775,86.08959800039884,1.0
1789787919,10,MYSQL,SELECT pedidos,3.666667,0.000000,69,70,71,71,72,88,270,270,270,270,270,35,0,69,63.12254602858697,1.084837997041177,282.4633320051362,2.0
1789787919,10,MYSQL,SELECT producto,3.000000,0.000000,69,70,71,71,74,75,280,280,280,280,280,48,0,69,59.405085999666575,1.0518029957893305,311.6818080015946,1.0
1789787919,10,MYSQL,UPDATE stock,1.000000,0.333333,190,220,220,240,460,490,490,490,490,490,490,18,3,180.0,205.19074733440195,69.71652900392655,494.18272500042804,0.0
1789787919,10,,Aggregated,14.666667,0.333333,69,70,71,74,190,280,460,460,490,490,490,142,3,69,80.67818685205413,1.0518029957893305,494.18272500042804,2.6971830985915495
1789787920,10,MYSQL,SELECT clientes,5.000000,0.000000,68,69,70,70,71,280,290,290,290,290,290,40,0,68,61.77327904952108,1.054526997904759,293.70408300019335,9.0
1789787920,10,MYSQL,SELECT conteo,1.750000,0.000000,70,70,70,71,76,86,86,86,86,86,86,20,0,69,60.40688164976018,0.9059750009328127,86.08959800039884,1.0
1789787920,10,MYSQL,SELECT pedidos,4.500000,0.000000,68,69,70,71,72,85,270,270,270,270,270,48,0,67,55.11583539600906,1.084837997041177,282.4633320051362,2.0
1789787920,10,MYSQL,SELECT producto,6.750000,0.000000,68,69,70,71,73,75,83,280,280,280,280,67,0,68,54.27222759708321,0.9992830018745735,311.6818080015946,1.0
1789787920,10,MYSQL,UPDATE stock,2.000000,0.250000,190,220,230,230,460,490,490,490,490,490,490,22,3,180.0,198.3239044103274,67.29766399803339,494.18272500042804,0.0
1789787920,10,,Aggregated,20.000000,0.250000,69,70,71,73,140,230,290,460,490,490,490,197,3,69,72.71062964475259,0.9059750009328127,494.18272500042804,2.7563451776649748
1789787921,10,MYSQL,SELECT clientes,5.200000,0.000000,69,69,70,70,75,280,290,290,290,290,290,50,0,68,67.86231347985449,1.054526997904759,294.47325599903706,9.0
1789787921,10,MYSQL,SELECT conteo,2.200000,0.000000,70,70,71,71,74,76,86,86,86,86,86,26,0,69,57.341831345883506,0.9059750009328127,86.08959800039884,1.0
1789787921,10,MYSQL,SELECT pedidos,5.600000,0.000000,67,69,70,71,77,270,290,310,310,310,310,57,0,67,60.628703596624916,1.084837997041177,314.40939599997364,2.0
1789787921,10,MYSQL,SELECT producto,8.400000,0.000000,68,69,71,71,73,75,110,280,280,280,280,84,0,68,53.67944422626655,0.9992830018745735,311.6818080015946,1.0
1789787921,10,MYSQL,UPDATE stock,3.200000,0.600000,210,220,230,230,270,460,490,490,490,490,490,26,3,190.0,200.31326127019173,67.29766399803339,494.18272500042804,0.0
1789787921,10,,Aggregated,24.600000,0.600000,69,70,71,73,150,270,290,460,490,490,490,243,3,69,74.3088786091551,0.9059750009328127,494.18272500042804,2.7736625514403292
1789787922,10,MYSQL,SELECT clientes,6.500000,0.000000,69,69,70,70,76,280,290,290,290,290,290,58,0,68,68.00544122397069,1.054526997904759,294.47325599903706,9.0
1789787922,10,MYSQL,SELECT conteo,2.666667,0.000000,69,70,71,71,74,76,86,86,86,86,86,30,0,69,56.70397759968182,0.9059750009328127,86.08959800039884,1.0
1789787922,10,MYSQL,SELECT pedidos,7.000000,0.000000,68,70,71,72,88,280,290,310,310,310,310,68,0,68,69.21541826480225,1.0749899956863374,314.40939599997364,2.0
1789787922,10,MYSQL,SELECT producto,10.166667,0.000000,68,69,71,72,74,110,280,300,300,300,300,99,0,68,57.723512444506994,0.9827300018514507,311.6818080015946,1.0
1789787922,10,MYSQL,UPDATE stock,3.333333,0.500000,210,220,230,240,460,490,620,620,620,620,620,32,4,210.0,212.71586034481516,67.29766399803339,619.7179830051027,0.0
1789787922,10,,Aggregated,29.666667,0.500000,69,70,72,74,210,270,300,460,620,620,620,287,4,69,79.69901959591493,0.9059750009328127,619.7179830051027,2.7421602787456445
1789787923,10,MYSQL,SELECT clientes,6.714286,0.000000,68,69,70,70,75,280,290,290,290,290,290,67,0,68,65.11830182054511,1.054526997904759,294.47325599903706,9.0
1789787923,10,MYSQL,SELECT conteo,3.428571,0.000000,69,70,70,71,74,76,86,86,86,86,86,39,0,69,56.063783153196056,0.9059750009328127,86.08959800039884,1.0
1789787923,10,MYSQL,SELECT pedidos,7.571429,0.000000,68,70,71,72,77,270,290,310,310,310,310,85,0,68,66.8568722119637,1.034622997394763,314.40939599997364,2.0
1789787923,10,MYSQL,SELECT producto,10.714286,0.000000,68,69,71,71,74,83,180,280,300,300,300,117,0,68,54.87797854715236,0.9827300018514507,311.6818080015946,1.0
1789787923,10,MYSQL,UPDATE stock,3.428571,0.428571,210,220,230,230,270,490,620,620,620,620,620,35,5,210.0,209.6716734867576,67.29766399803339,619.7179830051027,0.0
1789787923,10,,Aggregated,31.857143,0.428571,69,70,72,73,180,270,290,460,620,620,620,343,5,69,75.7769095190129,0.9059750009328127,619.7179830051027,2.7084548104956268
1789787924,10,MYSQL,SELECT clientes,6.875000,0.000000,69,69,70,70,75,270,290,290,290,290,290,74,0,68,63.88845837824881,1.054526997904759,294.47325599903706,9.0
1789787924,10,MYSQL,SELECT conteo,3.750000,0.000000,68,70,70,71,74,76,86,86,86,86,86,41,0,68,53.38660190176508,0.9059750009328127,86.08959800039884,1.0
1789787924,10,MYSQL,SELECT pedidos,8.125000,0.000000,69,70,71,72,85,270,290,310,310,310,310,100,0,69,66.33676346020366,1.0312000013072975,314.40939599997364,2.0
1789787924,10,MYSQL,SELECT producto,11.625000,0.000000,68,69,70,71,74,83,180,280,300,300,300,135,0,68,54.91646434831502,0.9827300018514507,311.6818080015946,1.0
1789787924,10,MYSQL,UPDATE stock,3.750000,0.375000,210,220,230,240,320,490,620,620,620,620,620,40,7,210.0,207.76186410112132,67.29766399803339,619.7179830051027,0.0
1789787924,10,,Aggregated,34.125000,0.375000,69,70,72,74,170,260,290,460,620,620,620,390,7,69,75.06274408987315,0.9059750009328127,619.7179830051027,2.6717948717948716
1789787925,10,MYSQL,SELECT clientes,6.888889,0.000000,68,69,70,70,76,270,290,290,290,290,290,87,0,68,58.86472290801286,1.0412580013507977,294.47325599903706,9.0
1789787925,10,MYSQL,SELECT conteo,4.000000,0.000000,69,70,70,71,74,75,86,86,86,86,86,48,0,68,51.554358457906346,0.9059750009328127,86.08959800039884,1.0
1789787925,10,MYSQL,SELECT pedidos,8.555556,0.000000,69,70,71,72,80,110,280,290,310,310,310,110,0,69,63.98805045464542,1.0312000013072975,314.40939599997364,2.0
1789787925,10,MYSQL,SELECT producto,11.777778,0.000000,68,69,71,71,73,82,180,280,300,300,300,154,0,68,54.2604298833168,0.9827300018514507,311.6818080015946,1.0
1789787925,10,MYSQL,UPDATE stock,3.888889,0.555556,210,220,230,250,280,460,620,620,620,620,620,46,8,200.0,205.46205126194528,67.29766399803339,619.7179830051027,0.0
1789787925,10,,Aggregated,35.111111,0.555556,69,70,72,74,150,240,290,320,620,620,620,445,8,69,72.90311507655706,0.9059750009328127,619.7179830051027,2.707865168539326
1789787926,10,MYSQL,SELECT clientes,7.300000,0.000000,68,69,70,71,78,270,380,380,380,380,380,101,0,68,64.13193644532453,1.0412580013507977,379.90812299540266,9.0
1789787926,10,MYSQL,SELECT conteo,4.100000,0.000000,68,69,70,71,73,74,76,76,76,76,76,54,0,68,48.51076464776135,0.9059750009328127,86.08959800039884,1.0
1789787926,10,MYSQL,SELECT pedidos,9.500000,0.000000,69,70,71,72,85,270,290,310,380,380,380,121,0,69,66.43110203328456,1.0312000013072975,379.748956002004,2.0
1789787926,10,MYSQL,SELECT producto,12.600000,0.000000,68,70,71,72,74,88,200,300,380,380,380,169,0,68,56.68808517769391,0.9305600033258088,379.8933170037344,1.0
1789787926,10,MYSQL,UPDATE stock,3.700000,0.600000,210,220,230,250,320,460,620,620,620,620,620,49,8,200.0,205.33722355187876,67.29766399803339,619.7179830051027,0.0
1789787926,10,,Aggregated,37.200000,0.600000,69,70,72,74,180,260,320,380,620,620,620,494,8,69,74.44712665396084,0.9059750009328127,619.7179830051027,2.7813765182186234
1789787927,10,MYSQL,SELECT clientes,8.300000,0.000000,68,69,70,70,77,98,380,380,380,380,380,108,0,68,60.68986724063439,1.0412580013507977,379.90812299540266,9.0
1789787927,10,MYSQL,SELECT conteo,4.500000,0.000000,68,70,70,71,72,74,75,76,76,76,76,58,0,68,49.977978551459245,0.9059750009328127,86.08959800039884,1.0
1789787927,10,MYSQL,SELECT pedidos,10.100000,0.000000,69,69,71,72,85,270,290,310,380,380,380,128,0,69,64.44516984407755,1.0312000013072975,379.748956002004,2.0
1789787927,10,MYSQL,SELECT producto,14.500000,0.000000,68,70,71,72,73,82,180,300,380,380,380,189,0,68,55.96652320654208,0.9305600033258088,379.8933170037344,1.0
1789787927,10,MYSQL,UPDATE stock,4.500000,0.800000,210,230,250,260,320,370,620,620,620,620,620,54,8,210.0,214.00391638976376,67.29766399803339,619.7179830051027,0.0
1789787927,10,,Aggregated,41.900000,0.800000,69,70,72,73,150,260,310,380,620,620,620,537,8,69,74.18267137634781,0.9059750009328127,619.7179830051027,2.7467411545623834
1789787928,10,MYSQL,SELECT clientes,8.800000,0.000000,68,69,70,72,79,98,380,380,380,380,380,121,0,68,59.6641144626976,0.9145660005742684,379.90812299540266,9.0
1789787928,10,MYSQL,SELECT conteo,4.900000,0.000000,68,70,70,71,73,75,78,86,86,86,86,65,0,69,50.30932489216166,0.9059750009328127,86.08959800039884,1.0
1789787928,10,MYSQL,SELECT pedidos,10.800000,0.000000,68,69,70,72,80,270,290,310,380,380,380,138,0,69,63.844913855301336,1.0312000013072975,379.748956002004,2.0
1789787928,10,MYSQL,SELECT producto,15.900000,0.000000,68,70,71,72,74,84,180,300,380,380,380,207,0,68,55.73926853161679,0.9305600033258088,379.8933170037344,1.0
1789787928,10,MYSQL,UPDATE stock,4.700000,0.800000,210,250,270,310,400,500,620,620,620,620,620,59,8,210.0,225.20122157707732,67.29766399803339,619.7179830051027,0.0
1789787928,10,,Aggregated,45.100000,0.800000,69,70,72,74,140,270,370,400,620,620,620,590,8,69,74.7880724391538,0.9059750009328127,619.7179830051027,2.7745762711864406
1789787929,10,MYSQL,SELECT clientes,8.800000,0.000000,68,70,71,75,79,98,380,380,380,380,380,128,0,68,59.18109628123602,0.9145660005742684,379.90812299540266,9.0
1789787929,10,MYSQL,SELECT conteo,5.200000,0.000000,68,69,71,71,74,76,78,86,86,86,86,76,0,68,49.53642132855557,0.9059750009328127,86.08959800039884,1.0
1789787929,10,MYSQL,SELECT pedidos,11.300000,0.000000,69,70,71,72,80,270,290,310,380,380,380,152,0,69,63.46767817127616,0.9656200054450892,379.748956002004,2.0
1789787929,10,MYSQL,SELECT producto,17.300000,0.000000,68,70,71,72,74,84,180,300,380,380,380,223,0,68,54.88623725142692,0.9305600033258088,379.8933170037344,1.0
1789787929,10,MYSQL,UPDATE stock,4.900000,0.700000,210,260,280,310,400,500,620,620,620,620,620,64,9,210.0,222.14563217278283,67.29766399803339,619.7179830051027,0.0
1789787929,10,,Aggregated,47.500000,0.700000,69,71,72,74,150,270,370,400,620,620,620,643,9,69,73.78536048698089,0.9059750009328127,619.7179830051027,2.729393468118196
1789787930,10,MYSQL,SELECT clientes,9.700000,0.000000,68,70,71,73,78,96,380,380,380,380,380,144,0,68,58.61302667360886,0.9145660005742684,379.90812299540266,9.0
1789787930,10,MYSQL,SELECT conteo,5.400000,0.000000,68,69,70,71,74,78,79,86,86,86,86,82,0,68,48.56259526795617,0.9059750009328127,86.08959800039884,1.0
1789787930,10,MYSQL,SELECT pedidos,11.600000,0.000000,69,70,71,72,75,87,280,280,380,380,380,162,0,69,62.6580988149569,0.9656200054450892,379.748956002004,2.0
1789787930,10,MYSQL,SELECT producto,16.900000,0.000000,68,70,71,72,74,84,180,300,380,380,380,234,0,68,54.743979072889054,0.9305600033258088,379.8933170037344,1.0
1789787930,10,MYSQL,UPDATE stock,5.100000,0.700000,210,250,280,310,400,500,620,620,620,620,620,72,12,210.0,216.71642727869767,67.29766399803339,619.7179830051027,0.0
1789787930,10,,Aggregated,48.700000,0.700000,69,71,72,74,140,260,370,400,620,620,620,694,12,69,73.46785955060139,0.9059750009328127,619.7179830051027,2.7896253602305476
1789787931,10,MYSQL,SELECT clientes,9.900000,0.000000,69,70,72,74,79,96,270,380,380,380,380,159,0,68,58.688568245242834,0.9145660005742684,379.90812299540266,9.0
1789787931,10,MYSQL,SELECT conteo,6.200000,0.000000,68,69,70,71,73,78,79,86,86,86,86,85,0,68,48.50233041147209,0.9059750009328127,86.08959800039884,1.0
1789787931,10,MYSQL,SELECT pedidos,11.700000,0.000000,69,70,71,72,75,87,270,280,380,380,380,171,0,69,62.153931117110425,0.9656200054450892,379.748956002004,2.0
1789787931,10,MYSQL,SELECT producto,17.300000,0.000000,68,70,71,72,74,88,180,300,380,380,380,248,0,68,54.44803685907485,0.9305600033258088,379.8933170037344,1.0
1789787931,10,MYSQL,UPDATE stock,4.600000,0.500000,210,260,280,310,400,500,600,620,620,620,620,81,16,210.0,219.5825758897649,67.29766399803339,619.7179830051027,0.0
1789787931,10,,Aggregated,49.700000,0.500000,69,71,72,75,150,270,380,400,620,620,620,744,16,69,74.42446834020987,0.9059750009328127,619.7179830051027,2.8306451612903225
1789787932,10,MYSQL,SELECT clientes,9.700000,0.000000,69,70,72,74,78,82,100,380,380,380,380,165,0,68,58.26544767875351,0.9145660005742684,379.90812299540266,9.0
1789787932,10,MYSQL,SELECT conteo,6.500000,0.000000,67,69,70,71,73,78,79,86,86,86,86,93,0,68,49.508795634278854,0.8229339946410619,86.08959800039884,1.0
1789787932,10,MYSQL,SELECT pedidos,11.500000,0.000000,69,70,71,72,75,86,110,120,380,380,380,183,0,69,62.48012715855981,0.9656200054450892,379.748956002004,2.0
1789787932,10,MYSQL,SELECT producto,16.600000,0.000000,68,70,71,72,74,81,110,200,380,380,380,266,0,68,54.04701103776132,0.9305600033258088,379.8933170037344,1.0
1789787932,10,MYSQL,UPDATE stock,5.100000,0.900000,200,250,270,290,370,470,500,600,600,600,600,88,18,210.0,214.80954748932908,67.29766399803339,619.7179830051027,0.0
1789787932,10,,Aggregated,49.400000,0.900000,69,71,72,74,140,240,370,400,600,600,600,795,18,69,74.12795628440777,0.8229339946410619,619.7179830051027,2.779874213836478
1789787933,10,MYSQL,SELECT clientes,10.400000,0.000000,69,70,72,73,77,82,100,380,380,380,380,181,0,68,57.37658126511417,0.9145660005742684,379.90812299540266,9.0
1789787933,10,MYSQL,SELECT conteo,5.900000,0.000000,68,69,70,71,73,78,79,86,86,86,86,97,0,68,49.56502446368608,0.8229339946410619,86.08959800039884,1.0
1789787933,10,MYSQL,SELECT pedidos,11.300000,0.000000,69,70,71,72,75,86,110,120,380,380,380,198,0,69,60.78850249997975,0.9656200054450892,379.748956002004,2.0
1789787933,10,MYSQL,SELECT producto,16.900000,0.000000,69,70,71,72,74,88,110,200,380,380,380,281,0,68,54.331381391676715,0.9305600033258088,379.8933170037344,1.0
1789787933,10,MYSQL,UPDATE stock,5.400000,1.100000,210,250,280,290,370,470,500,600,600,600,600,93,19,210.0,212.0443307748471,67.29766399803339,619.7179830051027,0.0
1789787933,10,,Aggregated,49.900000,1.100000,69,71,72,74,140,250,370,400,600,600,600,850,19,69,73.19568589421311,0.8229339946410619,619.7179830051027,2.827058823529412
1789787934,10,MYSQL,SELECT clientes,10.700000,0.000000,68,70,71,72,77,81,100,380,380,380,380,194,0,68,57.43094204110994,0.9145660005742684,379.90812299540266,9.0
1789787934,10,MYSQL,SELECT conteo,6.100000,0.000000,67,69,70,70,73,78,79,86,86,86,86,101,0,68,48.32437089081026,0.8229339946410619,86.08959800039884,1.0
1789787934,10,MYSQL,SELECT pedidos,11.300000,0.000000,69,70,71,72,74,76,100,120,380,380,380,208,0,69,59.59864012006969,0.920501996006351,379.748956002004,2.0
1789787934,10,MYSQL,SELECT producto,16.500000,0.000000,68,70,71,72,74,81,110,200,380,380,380,304,0,68,53.85782096408021,0.8780390053289011,379.8933170037344,1.0
1789787934,10,MYSQL,UPDATE stock,5.500000,1.400000,210,230,270,290,370,470,500,600,600,600,600,97,20,210.0,210.6541849799711,67.29766399803339,619.7179830051027,0.0
1789787934,10,,Aggregated,50.100000,1.400000,69,71,72,73,110,230,370,400,600,600,600,904,20,69,72.15167574895933,0.8229339946410619,619.7179830051027,2.8396017699115044
1789787935,10,MYSQL,SELECT clientes,11.200000,0.000000,69,70,71,72,74,77,81,82,100,100,100,202,0,68,57.27883632659928,0.9145660005742684,379.90812299540266,9.0
1789787935,10,MYSQL,SELECT conteo,6.000000,0.000000,68,69,70,71,76,79,86,130,130,130,130,110,0,68,48.84423292691777,0.8229339946410619,125.68366099731065,1.0
1789787935,10,MYSQL,SELECT pedidos,11.500000,0.000000,69,69,71,72,74,76,93,100,120,120,120,223,0,69,59.137767094108874,0.920501996006351,379.748956002004,2.0
1789787935,10,MYSQL,SELECT producto,16.700000,0.000000,68,70,70,71,73,78,93,110,140,140,140,316,0,68,53.14188781992441,0.8780390053289011,379.8933170037344,1.0
1789787935,10,MYSQL,UPDATE stock,5.700000,1.400000,210,250,290,300,370,470,500,600,600,600,600,102,21,210.0,211.77267497114372,67.09890899946913,619.7179830051027,0.0
1789787935,10,,Aggregated,51.100000,1.400000,69,70,72,73,100,220,310,400,600,600,600,953,21,69,71.9040524869602,0.8229339946410619,619.7179830051027,2.8226652675760757
1789787936,10,MYSQL,SELECT clientes,11.400000,0.000000,69,70,71,72,75,79,82,90,100,100,100,212,0,68,56.117028061189046,0.9145660005742684,379.90812299540266,9.0
1789787936,10,MYSQL,SELECT conteo,5.700000,0.000000,68,69,70,73,78,86,130,390,390,390,390,114,0,68,51.844179332986464,0.8229339946410619,385.0041100013186,1.0
1789787936,10,MYSQL,SELECT pedidos,11.000000,0.000000,69,71,72,73,78,93,120,140,380,380,380,236,0,69,61.398014478827925,0.920501996006351,379.748956002004,2.0
1789787936,10,MYSQL,SELECT producto,16.500000,0.000000,68,70,71,72,74,83,98,110,140,140,140,333,0,68,52.60695987109668,0.8780390053289011,379.8933170037344,1.0
1789787936,10,MYSQL,UPDATE stock,5.900000,1.400000,210,240,270,290,340,470,500,600,600,600,600,109,24,210.0,213.60969833066844,67.09890899946913,619.7179830051027,0.0
1789787936,10,,Aggregated,50.500000,1.400000,69,71,73,75,140,230,310,400,600,600,600,1004,24,69,72.80732327196611,0.8229339946410619,619.7179830051027,2.8157370517928286
1789787937,10,MYSQL,SELECT clientes,11.700000,0.000000,69,71,72,73,75,81,90,94,100,100,100,223,0,69,56.670778632212816,0.9145660005742684,379.90812299540266,9.0
1789787937,10,MYSQL,SELECT conteo,5.900000,0.000000,68,69,70,73,76,86,130,390,390,390,390,119,0,68,51.45450868874205,0.8229339946410619,385.0041100013186,1.0
1789787937,10,MYSQL,SELECT pedidos,11.300000,0.000000,69,71,72,73,80,100,120,140,380,380,380,252,0,69,60.39105258331267,0.920501996006351,379.748956002004,2.0
1789787937,10,MYSQL,SELECT producto,16.800000,0.000000,68,70,71,72,78,89,98,110,140,140,140,347,0,68,53.28601622783833,0.8780390053289011,379.8933170037344,1.0
1789787937,10,MYSQL,UPDATE stock,5.400000,1.200000,210,240,260,270,300,330,340,400,400,400,400,113,25,210.0,214.31815159335562,67.09890899946913,619.7179830051027,0.0
1789787937,10,,Aggregated,51.100000,1.200000,69,71,73,75,130,230,290,330,400,400,400,1054,25,69,72.7584574772748,0.8229339946410619,619.7179830051027,2.8244781783681217
1789787938,10,MYSQL,SELECT clientes,11.200000,0.000000,69,70,72,72,75,81,90,94,100,100,100,234,0,68,56.399789093960024,0.9145660005742684,379.90812299540266,9.0
1789787938,10,MYSQL,SELECT conteo,6.100000,0.000000,68,69,69,73,76,83,390,390,390,390,390,123,0,68,50.961689316708785,0.8229339946410619,385.0041100013186,1.0
1789787938,10,MYSQL,SELECT pedidos,11.700000,0.000000,69,71,73,74,86,120,140,150,380,380,380,262,0,69,60.557091805372096,0.920501996006351,379.748956002004,2.0
1789787938,10,MYSQL,SELECT producto,16.000000,0.000000,68,70,71,72,83,93,110,140,160,160,160,358,0,68,53.691634748775876,0.8780390053289011,379.8933170037344,1.0
1789787938,10,MYSQL,UPDATE stock,5.800000,1.400000,220,240,270,290,330,380,400,540,540,540,540,120,26,210.0,218.46454988371988,67.09890899946913,619.7179830051027,0.0
1789787938,10,,Aggregated,50.800000,1.400000,69,72,74,77,140,240,300,380,540,540,540,1097,26,69,73.62729964727207,0.8229339946410619,619.7179830051027,2.8359161349134
1789787939,10,MYSQL,SELECT clientes,11.500000,0.000000,69,70,71,72,76,90,140,140,250,250,250,243,0,69,57.42039779010598,0.9145660005742684,379.90812299540266,9.0
1789787939,10,MYSQL,SELECT conteo,5.700000,0.000000,68,69,71,73,76,130,390,390,390,390,390,129,0,68,51.93282723219934,0.8229339946410619,385.0041100013186,1.0
1789787939,10,MYSQL,SELECT pedidos,12.100000,0.000000,69,72,73,76,100,140,230,270,380,380,380,273,0,69,62.113484421218516,0.920501996006351,379.748956002004,2.0
1789787939,10,MYSQL,SELECT producto,15.900000,0.000000,68,70,71,74,89,110,210,220,220,220,220,376,0,68,55.274029308670734,0.8780390053289011,379.8933170037344,1.0
1789787939,10,MYSQL,UPDATE stock,5.900000,1.700000,220,250,270,290,330,380,400,540,540,540,540,123,27,210.0,216.5681490898454,67.09890899946913,619.7179830051027,0.0
1789787939,10,,Aggregated,51.100000,1.700000,69,72,74,82,160,240,300,380,540,540,540,1144,27,69,74.32726396945219,0.8229339946410619,619.7179830051027,2.8304195804195804
1789787940,10,MYSQL,SELECT clientes,11.100000,0.000000,69,70,72,72,76,90,140,140,250,250,250,253,0,69,57.098748996046744,0.9145660005742684,379.90812299540266,9.0
1789787940,10,MYSQL,SELECT conteo,6.100000,0.000000,68,69,72,74,77,130,150,390,390,390,390,138,0,68,53.37092980408815,0.8229339946410619,385.0041100013186,1.0
1789787940,10,MYSQL,SELECT pedidos,12.400000,0.000000,69,72,73,75,98,140,230,270,380,380,380,286,0,69,61.26534476565072,0.920501996006351,379.748956002004,2.0
1789787940,10,MYSQL,SELECT producto,15.700000,0.000000,69,70,72,74,89,100,210,220,220,220,220,392,0,68,55.029364841991956,0.8780390053289011,379.8933170037344,1.0
1789787940,10,MYSQL,UPDATE stock,5.600000,1.700000,220,240,270,290,340,380,540,540,540,540,540,126,27,210.0,216.20008707978985,67.09890899946913,619.7179830051027,0.0
1789787940,10,,Aggregated,50.900000,1.700000,69,72,74,80,150,230,300,380,540,540,540,1195,27,69,73.76216100590332,0.8229339946410619,619.7179830051027,2.8276150627615064
1789787941,10,MYSQL,SELECT clientes,11.400000,0.000000,68,70,71,72,76,82,140,140,250,250,250,271,0,68,55.67319517331438,0.9145660005742684,379.90812299540266,9.0
1789787941,10,MYSQL,SELECT conteo,5.200000,0.000000,69,69,72,74,77,130,150,390,390,390,390,146,0,68,54.24404224631622,0.8229339946410619,385.0041100013186,1.0
1789787941,10,MYSQL,SELECT pedidos,12.500000,0.000000,69,72,74,76,98,140,230,270,380,380,380,292,0,69,60.97770027384921,0.920501996006351,379.748956002004,2.0
1789787941,10,MYSQL,SELECT producto,15.200000,0.000000,68,70,71,74,89,100,210,220,220,220,220,408,0,68,54.38164781138339,0.8780390053289011,379.8933170037344,1.0
1789787941,10,MYSQL,UPDATE stock,5.800000,1.800000,220,250,270,300,340,380,540,540,540,540,540,131,28,210.0,216.91413100035496,67.09890899946913,619.7179830051027,0.0
1789787941,10,,Aggregated,50.100000,1.800000,69,71,74,78,140,230,300,380,540,540,540,1248,28,69,73.25001442947537,0.8229339946410619,619.7179830051027,2.8661858974358974
1789787942,10,MYSQL,SELECT clientes,11.300000,0.000000,68,70,71,72,76,84,140,140,250,250,250,283,0,68,55.10863856170384,0.9145660005742684,379.90812299540266,9.0
1789787942,10,MYSQL,SELECT conteo,5.100000,0.000000,69,69,72,73,77,130,150,390,390,390,390,152,0,68,53.496938315555255,0.8229339946410619,385.0041100013186,1.0
1789787942,10,MYSQL,SELECT pedidos,12.200000,0.000000,69,72,74,76,94,140,230,270,380,380,380,307,0,69,60.01140310729365,0.920501996006351,379.748956002004,2.0
1789787942,10,MYSQL,SELECT producto,15.900000,0.000000,68,69,71,72,87,98,190,220,220,220,220,427,0,68,53.890371892344426,0.8780390053289011,379.8933170037344,1.0
1789787942,10,MYSQL,UPDATE stock,5.400000,1.500000,220,250,270,300,330,380,540,540,540,540,540,134,29,210.0,215.6193107540316,67.09890899946913,619.7179830051027,0.0
1789787942,10,,Aggregated,49.900000,1.500000,69,71,74,77,140,230,300,380,540,540,540,1303,29,69,72.18338950877747,0.8229339946410619,619.7179830051027,2.8702993092862625
1789787943,10,MYSQL,SELECT clientes,11.500000,0.000000,68,70,72,72,77,84,140,140,250,250,250,295,0,68,55.0356043185506,0.9145660005742684,379.90812299540266,9.0
1789787943,10,MYSQL,SELECT conteo,5.700000,0.000000,69,69,72,73,77,130,150,390,390,390,390,154,0,68,53.26922734395764,0.8229339946410619,385.0041100013186,1.0
1789787943,10,MYSQL,SELECT pedidos,12.300000,0.000000,69,72,73,76,94,140,230,270,380,380,380,320,0,69,59.62931364354063,0.920501996006351,379.748956002004,2.0
1789787943,10,MYSQL,SELECT producto,15.600000,0.000000,68,69,71,72,87,98,190,220,220,220,220,447,0,68,53.576606167833894,0.8780390053289011,379.8933170037344,1.0
1789787943,10,MYSQL,UPDATE stock,5.100000,1.300000,220,250,270,300,330,380,540,540,540,540,540,140,31,210.0,213.3839483074033,67.09890899946913,619.7179830051027,0.0
1789787943,10,,Aggregated,50.200000,1.300000,69,71,74,79,140,230,300,380,540,540,540,1356,31,69,71.78675543579139,0.8229339946410619,619.7179830051027,2.8731563421828907
1789787944,10,MYSQL,SELECT clientes,11.500000,0.000000,68,71,72,73,82,89,140,140,250,250,250,308,0,68,55.20702489605343,0.9145660005742684,379.90812299540266,9.0
1789787944,10,MYSQL,SELECT conteo,5.900000,0.000000,69,71,72,74,77,130,150,390,390,390,390,156,0,68,53.045734461333126,0.8229339946410619,385.0041100013186,1.0
1789787944,10,MYSQL,SELECT pedidos,12.000000,0.000000,69,72,75,78,94,130,230,270,380,380,380,337,0,69,60.12805947761113,0.920501996006351,379.748956002004,2.0
1789787944,10,MYSQL,SELECT producto,16.300000,0.000000,67,69,71,73,88,100,190,220,220,220,220,471,0,68,52.74073780259595,0.8780390053289011,379.8933170037344,1.0
1789787944,10,MYSQL,UPDATE stock,4.800000,1.200000,210,250,270,290,330,380,540,540,540,540,540,143,32,210.0,212.39215226600132,67.09890899946913,619.7179830051027,0.0
1789787944,10,,Aggregated,50.500000,1.200000,69,72,75,80,140,220,300,380,540,540,540,1415,32,69,71.20496082471254,0.8229339946410619,619.7179830051027,2.878445229681979
1789787945,10,MYSQL,SELECT clientes,11.200000,0.000000,69,71,73,74,84,92,140,140,250,250,250,320,0,68,55.34837478123791,0.9145660005742684,379.90812299540266,9.0
1789787945,10,MYSQL,SELECT conteo,5.800000,0.000000,69,69,71,71,74,77,150,150,150,150,150,158,0,68,52.827928803604735,0.8229339946410619,385.0041100013186,1.0
1789787945,10,MYSQL,SELECT pedidos,12.300000,0.000000,69,72,75,78,94,130,170,230,270,270,270,349,0,69,59.881125191877224,0.920501996006351,379.748956002004,2.0
1789787945,10,MYSQL,SELECT producto,16.300000,0.000000,67,69,71,74,87,98,190,220,220,220,220,490,0,68,52.226491626580746,0.8780390053289011,379.8933170037344,1.0
1789787945,10,MYSQL,UPDATE stock,4.500000,1.100000,210,250,250,280,330,380,540,540,540,540,540,150,35,210.0,211.50082680028086,67.09890899946913,619.7179830051027,0.0
1789787945,10,,Aggregated,50.100000,1.100000,69,72,76,80,140,220,270,330,540,540,540,1467,35,69,71.07901178595606,0.8229339946410619,619.7179830051027,2.8807089297886845
1789787946,10,MYSQL,SELECT clientes,11.400000,0.000000,68,71,73,74,86,94,140,140,250,250,250,329,0,68,55.3456570334431,0.9145660005742684,379.90812299540266,9.0
1789787946,10,MYSQL,SELECT conteo,5.600000,0.000000,69,70,71,72,77,97,100,150,150,150,150,167,0,68,52.33648376038136,0.8229339946410619,385.0041100013186,1.0
1789787946,10,MYSQL,SELECT pedidos,12.400000,0.000000,69,72,75,78,89,130,170,230,270,270,270,363,0,69,60.09361166657736,0.920501996006351,379.748956002004,2.0
1789787946,10,MYSQL,SELECT producto,16.900000,0.000000,67,69,71,71,80,96,190,220,220,220,220,503,0,68,52.40386540562453,0.8780390053289011,379.8933170037344,1.0
1789787946,10,MYSQL,UPDATE stock,4.600000,1.200000,210,240,250,270,330,380,540,540,540,540,540,155,36,210.0,210.6048491293369,67.09890899946913,619.7179830051027,0.0
1789787946,10,,Aggregated,50.900000,1.200000,69,71,75,78,130,210,270,330,540,540,540,1517,36,69,71.03875471392908,0.8229339946410619,619.7179830051027,2.872116018457482
1789787947,10,MYSQL,SELECT clientes,11.000000,0.000000,68,71,73,74,86,93,140,140,250,250,250,345,0,68,55.52981565805553,0.9145660005742684,379.90812299540266,9.0
1789787947,10,MYSQL,SELECT conteo,5.200000,0.000000,69,70,71,72,77,97,100,150,150,150,150,177,0,68,51.771890734355914,0.8229339946410619,385.0041100013186,1.0
1789787947,10,MYSQL,SELECT pedidos,12.900000,0.000000,69,72,74,76,87,94,170,230,270,270,270,373,0,69,59.61595354682108,0.920501996006351,379.748956002004,2.0
1789787947,10,MYSQL,SELECT producto,16.800000,0.000000,67,69,70,71,78,96,190,220,220,220,220,522,0,68,52.222020703164276,0.8780390053289011,379.8933170037344,1.0
1789787947,10,MYSQL,UPDATE stock,4.900000,1.400000,190,220,250,250,290,350,540,540,540,540,540,157,36,210.0,210.6975655926571,67.09890899946913,619.7179830051027,0.0
1789787947,10,,Aggregated,50.800000,1.400000,69,71,74,78,100,210,250,290,540,540,540,1574,36,69,70.45589221097417,0.8229339946410619,619.7179830051027,2.8907242693773822
1789787948,10,MYSQL,SELECT clientes,11.700000,0.000000,68,71,73,74,84,92,94,96,100,100,100,354,0,68,55.420821550920294,0.9145660005742684,379.90812299540266,9.0
1789787948,10,MYSQL,SELECT conteo,5.100000,0.000000,69,70,71,72,77,83,97,100,100,100,100,183,0,68,52.5508273824384,0.8229339946410619,385.0041100013186,1.0
1789787948,10,MYSQL,SELECT pedidos,12.800000,0.000000,69,72,74,78,84,91,94,94,98,98,98,383,0,69,59.57099386932302,0.920501996006351,379.748956002004,2.0
1789787948,10,MYSQL,SELECT producto,16.800000,0.000000,67,69,71,72,78,91,96,100,110,110,110,544,0,68,52.247031829103754,0.8780390053289011,379.8933170037344,1.0
1789787948,10,MYSQL,UPDATE stock,4.800000,1.400000,190,220,240,250,280,320,380,380,380,380,380,159,36,210.0,210.87517560405308,67.09890899946913,619.7179830051027,0.0
1789787948,10,,Aggregated,51.200000,1.400000,69,71,74,78,93,150,230,250,380,380,380,1623,36,69,70.24214487248283,0.8229339946410619,619.7179830051027,2.8829328404189773
1789787949,10,MYSQL,SELECT clientes,11.900000,0.000000,68,71,73,74,84,92,94,96,100,100,100,361,0,68,54.93709199177133,0.9145660005742684,379.90812299540266,9.0
1789787949,10,MYSQL,SELECT conteo,5.600000,0.000000,69,70,72,72,77,83,97,100,100,100,100,183,0,68,52.5508273824384,0.8229339946410619,385.0041100013186,1.0
1789787949,10,MYSQL,SELECT pedidos,12.300000,0.000000,69,72,75,78,87,91,94,94,98,98,98,387,0,69,59.4969095528336,0.920501996006351,379.748956002004,2.0
1789787949,10,MYSQL,SELECT producto,17.400000,0.000000,67,69,71,72,78,91,98,110,120,120,120,555,0,68,52.323836890122166,0.8780390053289011,379.8933170037344,1.0
1789787949,10,MYSQL,UPDATE stock,4.600000,1.100000,210,230,250,250,320,390,560,560,560,560,560,162,36,210.0,214.22858053726182,67.09890899946913,619.7179830051027,0.0
1789787949,10,,Aggregated,51.800000,1.100000,69,71,74,78,93,160,250,290,560,560,560,1648,36,69,70.52133200122361,0.8229339946410619,619.7179830051027,2.8889563106796117
1789787950,10,MYSQL,SELECT clientes,12.100000,0.000000,69,71,74,76,87,93,96,100,100,100,100,366,0,68,54.79668118862376,0.9145660005742684,379.90812299540266,9.0
1789787950,10,MYSQL,SELECT conteo,5.900000,0.000000,69,71,72,72,81,83,120,120,120,120,120,187,0,69,53.192524497269936,0.8229339946410619,385.0041100013186,1.0
1789787950,10,MYSQL,SELECT pedidos,12.000000,0.000000,70,72,75,78,87,91,94,94,98,98,98,393,0,69,58.95070445276314,0.920501996006351,379.748956002004,2.0
1789787950,10,MYSQL,SELECT producto,17.700000,0.000000,67,69,71,73,80,91,98,110,120,120,120,559,0,68,52.34497583545222,0.8780390053289011,379.8933170037344,1.0
1789787950,10,MYSQL,UPDATE stock,4.300000,1.100000,210,230,240,250,280,390,560,560,560,560,560,162,36,210.0,214.22858053726182,67.09890899946913,619.7179830051027,0.0
1789787950,10,,Aggregated,52.000000,1.100000,69,72,75,78,93,150,240,250,560,560,560,1667,36,69,70.26759795141925,0.8229339946410619,619.7179830051027,2.8950209958008397
1789787951,10,MYSQL,SELECT clientes,11.800000,0.000000,69,72,74,77,87,93,96,100,100,100,100,370,0,68,54.42053972982575,0.9145660005742684,379.90812299540266,9.0
1789787951,10,MYSQL,SELECT conteo,5.800000,0.000000,69,71,74,76,83,97,120,120,120,120,120,190,0,69,53.23517167891719,0.8229339946410619,385.0041100013186,1.0
1789787951,10,MYSQL,SELECT pedidos,11.500000,0.000000,70,72,75,78,87,92,94,98,98,98,98,396,0,69,59.05044550740738,0.920501996006351,379.748956002004,2.0
1789787951,10,MYSQL,SELECT producto,18.200000,0.000000,68,70,72,74,81,91,100,110,120,120,120,567,2,68,52.2535178095646,0.8780390053289011,379.8933170037344,0.9964726631393298
1789787951,10,MYSQL,UPDATE stock,4.100000,1.000000,210,230,250,250,280,390,560,560,560,560,560,164,36,210.0,214.62465489045226,67.09890899946913,619.7179830051027,0.0
1789787951,10,,Aggregated,51.400000,1.000000,69,72,76,80,94,160,250,260,560,560,560,1687,38,69,70.21958905751062,0.8229339946410619,619.7179830051027,2.890930646117368
1789787952,10,MYSQL,SELECT clientes,11.500000,0.000000,69,72,74,76,87,93,96,100,100,100,100,373,0,68,54.56853185265528,0.9145660005742684,379.90812299540266,9.0
1789787952,10,MYSQL,SELECT conteo,5.500000,0.000000,70,71,74,76,83,92,120,120,120,120,120,192,0,69,53.528913557215674,0.8229339946410619,385.0041100013186,1.0
1789787952,10,MYSQL,SELECT pedidos,11.100000,0.000000,70,74,78,80,87,92,98,160,160,160,160,406,0,69,59.74774098258825,0.920501996006351,379.748956002004,2.0
1789787952,10,MYSQL,SELECT producto,17.200000,0.000000,68,71,75,76,84,96,110,120,130,130,130,580,2,68,52.989445382802934,0.8780390053289011,379.8933170037344,0.996551724137931
1789787952,10,MYSQL,UPDATE stock,3.700000,0.900000,240,280,390,390,2300,3000,3300,3300,3300,3300,3300,173,39,220.0,302.1621997516119,67.09890899946913,3342.3181699981797,0.0
1789787952,10,,Aggregated,49.000000,0.900000,70,74,79,83,100,230,390,2300,3300,3300,3300,1724,41,69,79.98673753016892,0.8229339946410619,3342.3181699981797,2.8648491879350346
1789787953,10,MYSQL,SELECT clientes,10.300000,0.000000,69,73,76,78,92,96,120,120,120,120,120,378,0,69,55.09725875137962,0.9145660005742684,379.90812299540266,9.0
1789787953,10,MYSQL,SELECT conteo,4.900000,0.000000,70,72,75,79,88,97,120,120,120,120,120,193,0,69,53.60164142477958,0.8229339946410619,385.0041100013186,1.0
1789787953,10,MYSQL,SELECT pedidos,10.600000,0.000000,71,74,79,82,89,93,110,160,160,160,160,412,0,69,60.02167657266221,0.920501996006351,379.748956002004,2.0
1789787953,10,MYSQL,SELECT producto,16.100000,0.000000,69,73,75,77,87,96,110,120,130,130,130,586,2,68,53.246863761135224,0.8780390053289011,379.8933170037344,0.9965870307167235
1789787953,10,MYSQL,UPDATE stock,3.400000,0.900000,280,440,610,720,2300,3000,3300,3300,3300,3300,3300,179,39,220.0,312.77985393872723,67.09890899946913,3342.3181699981797,0.0
1789787953,10,,Aggregated,45.300000,0.900000,71,75,81,87,120,280,720,2300,3300,3300,3300,1748,41,69,81.85987835812254,0.8229339946410619,3342.3181699981797,2.8621281464530894
1789787954,10,MYSQL,SELECT clientes,9.400000,0.000000,69,73,77,79,92,96,120,120,120,120,120,385,0,69,55.38964659748932,0.9145660005742684,379.90812299540266,9.0
1789787954,10,MYSQL,SELECT conteo,4.000000,0.000000,70,72,76,81,92,97,120,120,120,120,120,196,0,69,53.98402556112364,0.8229339946410619,385.0041100013186,1.0
1789787954,10,MYSQL,SELECT pedidos,10.400000,0.000000,71,73,78,81,89,93,110,160,160,160,160,415,0,69,60.08652773239027,0.920501996006351,379.748956002004,2.0
1789787954,10,MYSQL,SELECT producto,15.200000,0.200000,70,73,76,80,91,98,110,120,130,130,130,595,2,68,53.53123257817121,0.8780390053289011,379.8933170037344,0.9966386554621849
1789787954,10,MYSQL,UPDATE stock,3.700000,1.000000,440,650,810,870,3000,3300,6200,6200,6200,6200,6200,185,39,220.0,356.23019841649864,67.09890899946913,6160.35390199977,0.0
1789787954,10,,Aggregated,42.700000,1.200000,71,76,82,90,160,560,2000,3000,6200,6200,6200,1776,41,69,87.04699439753362,0.8229339946410619,6160.35390199977,2.8626126126126126
1789787955,10,MYSQL,SELECT clientes,8.800000,0.000000,70,72,77,79,96,120,150,180,180,180,180,393,0,69,56.292035216349326,0.9145660005742684,379.90812299540266,9.0
1789787955,10,MYSQL,SELECT conteo,3.800000,0.000000,71,75,81,82,95,120,130,130,130,130,130,199,0,69,54.520601708481166,0.8229339946410619,385.0041100013186,1.0
1789787955,10,MYSQL,SELECT pedidos,9.400000,0.000000,70,73,79,81,92,110,160,180,180,180,180,423,0,69,60.7217395814118,0.920501996006351,379.748956002004,2.0
1789787955,10,MYSQL,SELECT producto,14.700000,0.200000,70,73,77,80,91,100,120,120,130,130,130,612,2,68,54.10927636769296,0.8780390053289011,379.8933170037344,0.9967320261437909
1789787955,10,MYSQL,UPDATE stock,3.900000,0.900000,610,790,870,1100,3000,3300,6200,6200,6200,6200,6200,191,39,220.0,367.7161181520738,67.09890899946913,6160.35390199977,0.0
1789787955,10,,Aggregated,40.600000,1.100000,71,77,84,93,230,650,2000,3000,6200,6200,6200,1818,41,69,89.1123878586493,0.8229339946410619,6160.35390199977,2.855885588558856
1789787956,10,MYSQL,SELECT clientes,7.800000,0.000000,70,73,77,86,98,150,150,180,180,180,180,402,0,69,57.16581986324407,0.9145660005742684,379.90812299540266,9.0
1789787956,10,MYSQL,SELECT conteo,4.000000,0.000000,72,79,82,84,95,130,170,170,170,170,170,203,0,69,55.40860819201939,0.8229339946410619,385.0041100013186,1.0
1789787956,10,MYSQL,SELECT pedidos,8.500000,0.000000,72,75,80,83,92,110,160,180,180,180,180,432,0,69,61.01409174753927,0.920501996006351,379.748956002004,2.0
1789787956,10,MYSQL,SELECT producto,12.900000,0.200000,70,73,78,80,90,110,130,160,380,380,380,625,2,68,55.15443595043617,0.8780390053289011,379.8933170037344,0.9968
1789787956,10,MYSQL,UPDATE stock,4.000000,0.700000,570,770,870,1100,3000,3300,6200,6200,6200,6200,6200,196,39,230.0,367.03664255635107,67.09890899946913,6160.35390199977,0.0
1789787956,10,,Aggregated,37.200000,0.900000,72,79,87,98,350,650,2000,3000,6200,6200,6200,1858,41,69,89.88019326857288,0.8229339946410619,6160.35390199977,2.8568353067814853
1789787957,10,MYSQL,SELECT clientes,7.900000,0.000000,71,74,78,86,98,150,150,180,180,180,180,417,0,69,57.74926363553475,0.9145660005742684,379.90812299540266,9.0
1789787957,10,MYSQL,SELECT conteo,4.200000,0.000000,76,81,84,88,120,130,170,170,170,170,170,207,0,69,55.714613888783894,0.8229339946410619,385.0041100013186,1.0
1789787957,10,MYSQL,SELECT pedidos,7.200000,0.000000,72,73,78,80,91,110,160,180,180,180,180,442,0,69,61.189611950090914,0.920501996006351,379.748956002004,2.0
1789787957,10,MYSQL,SELECT producto,12.000000,0.200000,70,74,77,79,90,110,130,160,380,380,380,634,2,68,55.409788107299796,0.8780390053289011,379.8933170037344,0.9968454258675079
1789787957,10,MYSQL,UPDATE stock,4.000000,0.500000,490,720,830,990,2300,3000,6200,6200,6200,6200,6200,202,39,230.0,365.6196256734703,67.09890899946913,6160.35390199977,0.0
1789787957,10,,Aggregated,35.300000,0.700000,73,79,90,110,380,650,2000,3000,6200,6200,6200,1902,41,69,90.24455653996084,0.8229339946410619,6160.35390199977,2.879074658254469
1789787958,10,MYSQL,SELECT clientes,7.300000,0.000000,71,76,78,86,98,150,150,180,180,180,180,427,0,69,58.11916031617825,0.9145660005742684,379.90812299540266,9.0
1789787958,10,MYSQL,SELECT conteo,3.800000,0.000000,71,77,84,88,95,130,170,170,170,170,170,216,0,69,56.40966624526266,0.8229339946410619,385.0041100013186,1.0
1789787958,10,MYSQL,SELECT pedidos,6.800000,0.000000,71,73,78,80,96,110,160,180,180,180,180,451,0,69,61.45224514397797,0.920501996006351,379.748956002004,2.0
1789787958,10,MYSQL,SELECT producto,12.200000,0.200000,71,75,78,80,90,110,160,380,380,380,380,648,2,68,55.79044175310291,0.8780390053289011,379.8933170037344,0.9969135802469136
1789787958,10,MYSQL,UPDATE stock,3.900000,0.300000,490,650,810,870,2300,3000,6200,6200,6200,6200,6200,207,39,230.0,363.27191805332035,67.09890899946913,6160.35390199977,0.0
1789787958,10,,Aggregated,34.000000,0.500000,73,80,90,110,370,650,2000,3000,6200,6200,6200,1949,41,69,90.33649318469313,0.8229339946410619,6160.35390199977,2.8768599281682916
1789787959,10,MYSQL,SELECT clientes,6.900000,0.000000,71,74,77,83,96,150,150,180,180,180,180,440,0,69,58.472791343245426,0.9145660005742684,379.90812299540266,9.0
1789787959,10,MYSQL,SELECT conteo,3.500000,0.000000,70,76,81,84,93,130,170,170,170,170,170,220,0,69,56.66117934534586,0.8229339946410619,385.0041100013186,1.0
1789787959,10,MYSQL,SELECT pedidos,6.800000,0.000000,70,73,77,79,93,110,160,180,180,180,180,462,0,69,61.6241369565559,0.920501996006351,379.748956002004,2.0
1789787959,10,MYSQL,SELECT producto,11.500000,0.200000,71,74,77,79,88,110,130,160,380,380,380,667,2,68,56.233587458765,0.8780390053289011,379.8933170037344,0.9970014992503748
1789787959,10,MYSQL,UPDATE stock,4.200000,0.300000,440,650,790,870,2300,3000,6200,6200,6200,6200,6200,212,39,230.0,360.97130627844444,67.09890899946913,6160.35390199977,0.0
1789787959,10,,Aggregated,32.900000,0.500000,72,79,88,110,350,650,2000,3000,6200,6200,6200,2001,41,69,90.30362752971483,0.8229339946410619,6160.35390199977,2.8830584707646176
1789787960,10,MYSQL,SELECT clientes,7.200000,0.000000,72,74,78,84,96,150,150,180,180,180,180,448,0,69,58.75772007816847,0.9145660005742684,379.90812299540266,9.0
1789787960,10,MYSQL,SELECT conteo,3.200000,0.000000,71,76,81,84,93,130,170,170,170,170,170,224,0,69,57.012556861504244,0.8229339946410619,385.0041100013186,1.0
1789787960,10,MYSQL,SELECT pedidos,6.800000,0.000000,70,73,74,79,93,110,160,180,180,180,180,470,0,69,61.758123293452144,0.920501996006351,379.748956002004,2.0
1789787960,10,MYSQL,SELECT producto,11.000000,0.200000,71,75,78,80,89,98,130,160,380,380,380,683,2,69,56.72242199704176,0.8780390053289011,379.8933170037344,0.9970717423133236
1789787960,10,MYSQL,UPDATE stock,4.600000,0.300000,400,610,770,830,2300,3000,3300,6200,6200,6200,6200,217,39,230.0,359.70116867750215,67.09890899946913,6160.35390199977,0.0
1789787960,10,,Aggregated,32.800000,0.500000,72,79,88,110,330,610,1100,3000,6200,6200,6200,2042,41,69,90.55688398967503,0.8229339946410619,6160.35390199977,2.878060724779628
1789787961,10,MYSQL,SELECT clientes,7.400000,0.000000,72,74,80,85,96,120,150,180,180,180,180,455,0,69,59.04481636267859,0.9145660005742684,379.90812299540266,9.0
1789787961,10,MYSQL,SELECT conteo,3.400000,0.000000,71,76,81,83,92,95,170,170,170,170,170,232,0,69,57.647947155036775,0.8229339946410619,385.0041100013186,1.0
1789787961,10,MYSQL,SELECT pedidos,7.200000,0.000000,70,72,74,77,93,110,160,180,180,180,180,480,0,69,61.98528407903723,0.920501996006351,379.748956002004,2.0
1789787961,10,MYSQL,SELECT producto,10.700000,0.200000,71,75,78,80,89,93,120,160,380,380,380,699,2,69,57.12870459796932,0.8780390053289011,379.8933170037344,0.9971387696709585
1789787961,10,MYSQL,UPDATE stock,4.800000,0.300000,390,490,610,650,810,990,1100,6200,6200,6200,6200,222,39,230.0,360.3106102658588,67.09890899946913,6160.35390199977,0.0
1789787961,10,,Aggregated,33.500000,0.500000,72,79,87,95,280,440,770,870,6200,6200,6200,2088,41,69,90.95525456701455,0.8229339946410619,6160.35390199977,2.8659003831417627
1789787962,10,MYSQL,SELECT clientes,8.000000,0.000000,72,74,80,85,98,120,150,180,180,180,180,465,0,69,59.42834738502091,0.9145660005742684,379.90812299540266,9.0
1789787962,10,MYSQL,SELECT conteo,3.500000,0.000000,71,75,80,82,87,95,170,170,170,170,170,236,0,69,57.84327542780868,0.8229339946410619,385.0041100013186,1.0
1789787962,10,MYSQL,SELECT pedidos,7.600000,0.000000,70,72,74,77,96,110,110,180,180,180,180,484,0,69,62.24263520647778,0.920501996006351,379.748956002004,2.0
1789787962,10,MYSQL,SELECT producto,11.500000,0.200000,71,74,78,80,89,98,120,160,380,380,380,714,2,69,57.5995505825952,0.8780390053289011,379.8933170037344,0.9971988795518207
1789787962,10,MYSQL,UPDATE stock,5.200000,0.300000,360,490,570,650,830,990,6200,6200,6200,6200,6200,225,39,230.0,359.3955814134097,67.09890899946913,6160.35390199977,0.0
1789787962,10,,Aggregated,35.800000,0.500000,72,78,86,96,240,400,770,870,6200,6200,6200,2124,41,69,91.05495052209179,0.8229339946410619,6160.35390199977,2.87241054613936
1789787963,10,MYSQL,SELECT clientes,8.300000,0.000000,72,74,80,84,98,150,180,200,200,200,200,470,0,69,59.91689183625722,0.9145660005742684,379.90812299540266,9.0
1789787963,10,MYSQL,SELECT conteo,3.800000,0.000000,72,76,81,83,95,170,390,390,390,390,390,240,0,69,60.01430863313241,0.8229339946410619,389.02022499678424,1.0
1789787963,10,MYSQL,SELECT pedidos,8.000000,0.000000,70,72,76,81,100,180,260,320,320,320,320,494,0,69,63.89632589460175,0.920501996006351,379.748956002004,2.0
1789787963,10,MYSQL,SELECT producto,12.700000,0.200000,72,76,80,83,98,160,380,420,430,430,430,728,2,69,59.797573207376175,0.8780390053289011,430.41945800359827,0.9972527472527473
1789787963,10,MYSQL,UPDATE stock,5.700000,0.300000,330,390,470,490,790,990,6200,6200,6200,6200,6200,229,39,230.0,358.6266212315069,67.09890899946913,6160.35390199977,0.0
1789787963,10,,Aggregated,38.500000,0.500000,72,79,89,98,250,380,490,790,6200,6200,6200,2161,41,70,92.45131318089351,0.8229339946410619,6160.35390199977,2.861638130495141
1789787964,10,MYSQL,SELECT clientes,8.900000,0.000000,72,76,84,89,120,620,650,670,670,670,670,475,0,69,66.05674879167437,0.9145660005742684,666.2715100028436,9.0
1789787964,10,MYSQL,SELECT conteo,4.400000,0.000000,72,77,82,84,95,200,390,390,390,390,390,242,0,69,61.153379421288385,0.8229339946410619,389.02022499678424,1.0
1789787964,10,MYSQL,SELECT pedidos,8.000000,0.000000,70,72,76,79,100,240,320,650,650,650,650,496,0,69,65.09987946156475,0.920501996006351,654.8905890012975,2.0
1789787964,10,MYSQL,SELECT producto,13.400000,0.000000,72,77,81,85,110,240,430,470,670,670,670,732,2,69,61.23025977317386,0.8780390053289011,666.4746769965859,0.9972677595628415
1789787964,10,MYSQL,UPDATE stock,5.400000,0.000000,310,370,400,440,490,570,810,810,810,810,810,231,39,230.0,361.809574632125,67.09890899946913,6160.35390199977,0.0
1789787964,10,,Aggregated,40.100000,0.000000,72,80,90,100,300,410,630,650,810,810,810,2176,41,70,95.06625717045836,0.8229339946410619,6160.35390199977,2.8671875
1789787965,10,MYSQL,SELECT clientes,9.200000,0.000000,72,76,80,87,170,620,650,670,670,670,670,489,0,69,67.689098110532,0.9145660005742684,666.2715100028436,9.0
1789787965,10,MYSQL,SELECT conteo,4.500000,0.000000,71,75,82,84,95,230,390,390,390,390,390,244,0,69,61.862537491625055,0.8229339946410619,389.02022499678424,1.0
1789787965,10,MYSQL,SELECT pedidos,7.800000,0.000000,70,73,76,85,100,240,320,650,650,650,650,506,0,69,65.66200209867516,0.920501996006351,654.8905890012975,2.0
1789787965,10,MYSQL,SELECT producto,13.700000,0.000000,72,78,81,85,110,240,430,470,670,670,670,743,2,69,61.62365969577919,0.8780390053289011,666.4746769965859,0.9973082099596231
1789787965,10,MYSQL,UPDATE stock,5.200000,0.000000,300,360,400,440,490,640,900,900,900,900,900,236,39,230.0,363.1600507543241,67.09890899946913,6160.35390199977,0.0
1789787965,10,,Aggregated,40.400000,0.000000,73,80,93,120,300,410,640,670,900,900,900,2218,41,70,95.99258445352602,0.8229339946410619,6160.35390199977,2.884580703336339
1789787966,10,MYSQL,SELECT clientes,9.100000,0.000000,71,74,80,86,170,620,650,670,670,670,670,498,0,69,67.83873460045584,0.9145660005742684,666.2715100028436,9.0
1789787966,10,MYSQL,SELECT conteo,4.800000,0.000000,71,73,80,83,95,230,390,390,390,390,390,247,0,69,61.945689230570984,0.8229339946410619,389.02022499678424,1.0
1789787966,10,MYSQL,SELECT pedidos,8.100000,0.000000,70,73,82,92,160,260,320,650,650,650,650,511,0,69,66.17060925622953,0.920501996006351,654.8905890012975,2.0
1789787966,10,MYSQL,SELECT producto,14.100000,0.000000,72,77,81,85,110,350,480,480,670,670,670,752,2,69,62.807197091697546,0.8780390053289011,666.4746769965859,0.9973404255319149
1789787966,10,MYSQL,UPDATE stock,4.800000,0.000000,300,370,460,490,810,900,960,960,960,960,960,239,39,240.0,369.55055534318683,67.09890899946913,6160.35390199977,0.0
1789787966,10,,Aggregated,40.900000,0.000000,72,80,93,120,300,470,650,810,960,960,960,2247,41,70,97.21898146011995,0.8229339946410619,6160.35390199977,2.8931909212283045
1789787967,10,MYSQL,SELECT clientes,9.500000,0.000000,71,76,85,89,200,620,650,670,670,670,670,508,0,69,67.96404835634843,0.9145660005742684,666.2715100028436,9.0
1789787967,10,MYSQL,SELECT conteo,4.500000,0.000000,72,75,80,83,200,330,390,390,390,390,390,250,0,69,62.082800187839894,0.8229339946410619,389.02022499678424,1.0
1789787967,10,MYSQL,SELECT pedidos,8.200000,0.000000,70,73,80,87,160,260,320,650,650,650,650,524,0,69,66.29918755712453,0.920501996006351,654.8905890012975,2.0
1789787967,10,MYSQL,SELECT producto,13.200000,0.000000,72,78,82,87,110,350,480,480,670,670,670,763,2,69,63.01359051107412,0.8780390053289011,666.4746769965859,0.9973787680209698
1789787967,10,MYSQL,UPDATE stock,4.600000,0.000000,340,460,630,750,900,960,970,970,970,970,970,244,39,240.0,376.8425887787775,67.09890899946913,6160.35390199977,0.0
1789787967,10,,Aggregated,40.000000,0.000000,72,81,96,150,330,490,750,900,970,970,970,2289,41,70,98.215889958012,0.8229339946410619,6160.35390199977,2.8968982088248145
1789787968,10,MYSQL,SELECT clientes,9.300000,0.000000,72,78,85,90,200,620,650,670,670,670,670,513,0,69,68.0223113821071,0.9145660005742684,666.2715100028436,9.0
1789787968,10,MYSQL,SELECT conteo,4.400000,0.000000,72,80,83,84,200,330,390,390,390,390,390,254,0,69,62.42726132665315,0.8229339946410619,389.02022499678424,1.0
1789787968,10,MYSQL,SELECT pedidos,8.200000,0.000000,72,76,82,87,160,260,320,650,650,650,650,535,0,69,66.51765587651246,0.920501996006351,654.8905890012975,2.0
1789787968,10,MYSQL,SELECT producto,13.200000,0.000000,73,79,85,89,110,350,480,480,670,670,670,778,2,69,63.32639166446352,0.8780390053289011,666.4746769965859,0.9974293059125964
1789787968,10,MYSQL,UPDATE stock,4.400000,0.000000,350,470,500,640,840,900,970,970,970,970,970,250,39,240.0,377.30026153611834,67.09890899946913,6160.35390199977,0.0
1789787968,10,,Aggregated,39.500000,0.000000,74,83,98,170,350,500,750,900,970,970,970,2330,41,70,98.68322493944515,0.8229339946410619,6160.35390199977,2.882832618025751
1789787969,10,MYSQL,SELECT clientes,9.400000,0.000000,73,78,87,98,210,630,650,670,670,670,670,524,0,69,68.17474482256212,0.9145660005742684,666.2715100028436,9.0
1789787969,10,MYSQL,SELECT conteo,4.100000,0.000000,75,82,84,85,200,330,390,390,390,390,390,260,0,69,62.80921620371093,0.8229339946410619,389.02022499678424,1.0
1789787969,10,MYSQL,SELECT pedidos,8.100000,0.000000,72,76,82,87,100,240,320,650,650,650,650,547,0,69,66.68409990121536,0.920501996006351,654.8905890012975,2.0
1789787969,10,MYSQL,SELECT producto,12.700000,0.000000,73,79,87,90,120,420,480,480,670,670,670,789,2,69,63.507720224271736,0.8780390053289011,666.4746769965859,0.9974651457541192
1789787969,10,MYSQL,UPDATE stock,4.200000,0.000000,400,470,630,750,900,960,970,970,970,970,970,254,39,240.0,376.43257417330176,67.09890899946913,6160.35390199977,0.0
1789787969,10,,Aggregated,38.500000,0.000000,75,85,98,170,360,500,750,900,970,970,970,2374,41,70,98.67381223374947,0.8229339946410619,6160.35390199977,2.888374052232519
