Timestamp,User Count,Type,Name,Requests/s,Failures/s,50%,66%,75%,80%,90%,95%,98%,99%,99.9%,99.99%,100%,Total Request Count,Total Failure Count,Total Median Response Time,Total Average Response Time,Total Min Response Time,Total Max Response Time,Total Average Content Size
1789796283,0,,Aggregated,0.000000,0.000000,N/A,N/A,N/A,N/A,N/A,N/A,N/A,N/A,N/A,N/A,N/A,0,0,0,0.0,0,0,0
1789796284,2,MYSQL,SELECT clientes,0.000000,0.000000,0,0,0,0,0,0,0,0,0,0,0,1,0,1.3628460001200438,1.3628460001200438,1.3628460001200438,1.3628460001200438,9.0
1789796284,2,MYSQL,SELECT conteo,0.000000,0.000000,0,0,0,0,0,0,0,0,0,0,0,2,0,0.4556560015771538,1.6311340004904196,0.4556560015771538,2.8066119994036853,1.0
1789796284,2,MYSQL,SELECT pagos,0.000000,0.000000,0,0,0,0,0,0,0,0,0,0,0,1,0,7.743334004771896,7.743334004771896,7.743334004771896,7.743334004771896,1.0
1789796284,2,MYSQL,SELECT pedidos,0.000000,0.000000,0,0,0,0,0,0,0,0,0,0,0,6,0,1,2.366032829741016,0.4546579875750467,10.942495995550416,2.0
1789796284,2,MYSQL,SELECT producto,0.000000,0.000000,0,0,0,0,0,0,0,0,0,0,0,5,0,1,2.7199824020499364,0.44534800690598786,10.025786003097892,1.0
1789796284,2,,Aggregated,0.000000,0.000000,0,0,0,0,0,0,0,0,0,0,0,15,0,1,2.677637132971237,0.44534800690598786,10.942495995550416,1.9333333333333333
1789796285,4,MYSQL,SELECT clientes,0.000000,0.000000,0,0,0,0,0,0,0,0,0,0,0,6,0,1,2.190594830608461,0.6249620055314153,7.072067994158715,9.0
1789796285,4,MYSQL,SELECT conteo,0.000000,0.000000,0,0,0,0,0,0,0,0,0,0,0,3,0,0.38730300730094314,1.2165236694272608,0.38730300730094314,2.8066119994036853,1.0
1789796285,4,MYSQL,SELECT pagos,0.000000,0.000000,0,0,0,0,0,0,0,0,0,0,0,3,0,2,3.6654843376406157,1.1491769982967526,7.743334004771896,1.0
1789796285,4,MYSQL,SELECT pedidos,0.000000,0.000000,1,1,1,1,2,2,2,2,2,2,2,18,0,1,1.328426278228613,0.4330509982537478,10.942495995550416,2.0
1789796285,4,MYSQL,SELECT producto,0.000000,0.000000,1,1,1,1,1,1,1,1,1,1,1,16,0,1,1.2557636910059955,0.35593500069808215,10.025786003097892,1.0
1789796285,4,,Aggregated,0.000000,0.000000,1,1,1,1,2,2,8,8,8,8,8,46,0,1,1.5607279362840294,0.35593500069808215,10.942495995550416,2.4347826086956523
1789796286,6,MYSQL,SELECT clientes,0.000000,0.000000,1,1,1,1,2,7,7,7,7,7,7,18,0,1,1.1286670536113281,0.4525639960775152,7.072067994158715,9.0
1789796286,6,MYSQL,SELECT conteo,1.000000,0.000000,0,1,1,1,1,1,1,1,1,1,1,13,0,0.2409650041954592,0.7049129221391363,0.2409650041954592,2.8066119994036853,1.0
1789796286,6,MYSQL,SELECT pagos,0.000000,0.000000,1,1,2,2,2,2,2,2,2,2,2,8,0,1,1.9439177522144746,0.3451530064921826,7.743334004771896,1.0
1789796286,6,MYSQL,SELECT pedidos,2.000000,0.000000,1,1,1,1,2,2,2,2,2,2,2,26,0,1,1.1795714224437968,0.4330509982537478,10.942495995550416,2.0
1789796286,6,MYSQL,SELECT producto,2.000000,0.000000,1,1,1,1,1,6,18,18,18,18,18,31,0,1,1.6240418734659832,0.32806200033519417,17.69198199326638,1.0
1789796286,6,,Aggregated,5.000000,0.000000,1,1,1,1,2,2,8,18,18,18,18,96,0,1,1.312972625328257,0.2409650041954592,17.69198199326638,2.7708333333333335
1789796287,8,MYSQL,SELECT clientes,1.500000,0.000000,1,1,1,1,2,2,7,7,7,7,7,30,0,1,1.0111189980913575,0.4266030009603128,7.072067994158715,9.0
1789796287,8,MYSQL,SELECT conteo,1.500000,0.000000,1,1,1,1,1,9,9,9,9,9,9,17,0,1,1.1401053514632888,0.2409650041954592,8.522377000190318,1.0
1789796287,8,MYSQL,SELECT pagos,1.000000,0.000000,1,1,1,1,2,2,2,2,2,2,2,16,0,1,1.2726628765449277,0.3451530064921826,7.743334004771896,1.0
1789796287,8,MYSQL,SELECT pedidos,5.500000,0.000000,1,1,1,1,2,2,2,2,2,2,2,42,0,1,0.9907862622640096,0.3519369929563254,10.942495995550416,2.0
1789796287,8,MYSQL,SELECT producto,4.000000,0.000000,1,1,1,1,2,3,18,18,18,18,18,52,0,1,1.3738002909611589,0.32806200033519417,17.69198199326638,1.0
1789796287,8,,Aggregated,13.500000,0.000000,1,1,1,1,2,2,7,9,18,18,18,157,0,1,1.1664242362255042,0.2409650041954592,17.69198199326638,2.7961783439490446
1789796288,10,MYSQL,SELECT clientes,3.333333,0.000000,1,1,1,1,1,2,7,7,7,7,7,48,0,1,0.8958792698952797,0.3602820070227608,7.072067994158715,9.0
1789796288,10,MYSQL,SELECT conteo,2.333333,0.000000,0,1,1,1,1,1,9,9,9,9,9,28,0,0.2409650041954592,0.8964849980007524,0.2409650041954592,8.522377000190318,1.0
1789796288,10,MYSQL,SELECT pagos,1.666667,0.000000,0,1,1,1,2,2,2,2,2,2,2,23,0,1,1.0813886967852064,0.3451530064921826,7.743334004771896,1.0
1789796288,10,MYSQL,SELECT pedidos,7.333333,0.000000,1,1,1,1,2,3,4,7,7,7,7,60,0,1,1.067585932954292,0.3038709983229637,10.942495995550416,2.0
1789796288,10,MYSQL,SELECT producto,6.000000,0.000000,1,1,1,1,1,3,6,18,18,18,18,78,0,1,1.1144531681799354,0.2612329990370199,17.69198199326638,1.0
1789796288,10,,Aggregated,20.666667,0.000000,1,1,1,1,2,2,7,8,18,18,18,237,0,1,1.029359611900197,0.2409650041954592,17.69198199326638,2.8734177215189876
1789796289,10,MYSQL,SELECT clientes,4.750000,0.000000,1,1,1,1,1,2,2,7,7,7,7,65,0,1,0.7962053838687447,0.3189490089425817,7.072067994158715,9.0
1789796289,10,MYSQL,SELECT conteo,3.750000,0.000000,0,1,1,1,1,1,9,9,9,9,9,30,0,0.2409650041954592,0.8633167647834247,0.2409650041954592,8.522377000190318,1.0
1789796289,10,MYSQL,SELECT pagos,3.000000,0.000000,0,1,1,1,1,2,2,2,2,2,2,34,0,0.26185000024270266,0.9030618825550739,0.26185000024270266,7.743334004771896,1.0
1789796289,10,MYSQL,SELECT pedidos,8.000000,0.000000,1,1,1,1,2,2,4,7,7,7,7,80,0,1,0.9394751745276153,0.3038709983229637,10.942495995550416,2.0
1789796289,10,MYSQL,SELECT producto,10.000000,0.000000,1,1,1,1,1,2,3,6,18,18,18,105,0,1,0.9656478203223309,0.2338619960937649,17.69198199326638,1.0
1789796289,10,,Aggregated,29.500000,0.000000,1,1,1,1,1,2,4,7,18,18,18,314,0,1,0.9073502929869351,0.2338619960937649,17.69198199326638,2.910828025477707
1789796290,10,MYSQL,SELECT clientes,6.800000,0.000000,1,1,1,1,1,2,3,7,7,7,7,78,0,1,0.7840826022005879,0.3189490089425817,7.072067994158715,9.0
1789796290,10,MYSQL,SELECT conteo,3.800000,0.000000,0,0,1,1,1,1,9,9,9,9,9,38,0,0.2409650041954592,0.7739924457334717,0.2409650041954592,8.522377000190318,1.0
1789796290,10,MYSQL,SELECT pagos,3.400000,0.000000,0,1,1,1,1,2,3,3,3,3,3,44,0,0.26185000024270266,0.8786547732597683,0.26185000024270266,7.743334004771896,1.0
1789796290,10,MYSQL,SELECT pedidos,9.400000,0.000000,1,1,1,1,1,2,4,7,7,7,7,102,0,1,0.87882680336228,0.3038709983229637,10.942495995550416,2.0
1789796290,10,MYSQL,SELECT producto,12.400000,0.000000,1,1,1,1,1,2,3,6,18,18,18,133,0,1,0.8641987451688296,0.2338619960937649,17.69198199326638,1.0
1789796290,10,,Aggregated,35.800000,0.000000,1,1,1,1,1,2,3,7,18,18,18,395,0,1,0.8450879316034291,0.2338619960937649,17.69198199326638,2.837974683544304
1789796291,10,MYSQL,SELECT clientes,8.666667,0.000000,1,1,1,1,1,2,3,7,7,7,7,95,0,1,0.7312295788372132,0.30087900813668966,7.072067994158715,9.0
1789796291,10,MYSQL,SELECT conteo,4.833333,0.000000,0,1,1,1,1,1,9,9,9,9,9,46,0,0.2409650041954592,0.7215811938690224,0.2409650041954592,8.522377000190318,1.0
1789796291,10,MYSQL,SELECT pagos,4.333333,0.000000,0,1,1,1,1,2,2,3,3,3,3,55,0,0.26185000024270266,0.7946204002523287,0.26185000024270266,7.743334004771896,1.0
1789796291,10,MYSQL,SELECT pedidos,10.833333,0.000000,1,1,1,1,1,2,3,4,7,7,7,125,0,1,0.8154572792118415,0.2639500016812235,10.942495995550416,2.0
1789796291,10,MYSQL,SELECT producto,14.500000,0.000000,1,1,1,1,1,1,3,6,18,18,18,156,0,1,0.8177205324896838,0.2338619960937649,17.69198199326638,1.0
1789796291,10,,Aggregated,43.166667,0.000000,1,1,1,1,1,2,3,7,18,18,18,477,0,1,0.7879669389753862,0.2338619960937649,17.69198199326638,2.8553459119496853
1789796292,10,MYSQL,SELECT clientes,9.857143,0.000000,1,1,1,1,1,2,3,7,7,7,7,117,0,1,0.7528858462052069,0.30087900813668966,7.395826993160881,9.0
1789796292,10,MYSQL,SELECT conteo,4.571429,0.000000,0,0,1,1,1,1,3,9,9,9,9,57,0,0.2409650041954592,0.7132084196711188,0.2409650041954592,8.522377000190318,1.0
1789796292,10,MYSQL,SELECT pagos,5.428571,0.000000,0,1,1,1,1,2,2,3,3,3,3,57,0,0.24883198784664273,0.7806792104690287,0.24883198784664273,7.743334004771896,1.0
1789796292,10,MYSQL,SELECT pedidos,12.857143,0.000000,1,1,1,1,1,2,3,4,7,7,7,148,0,1,0.7828394652303384,0.2639500016812235,10.942495995550416,2.0
1789796292,10,MYSQL,SELECT producto,15.285714,0.000000,1,1,1,1,1,1,3,6,18,18,18,178,0,1,0.7801944609199064,0.2338619960937649,17.69198199326638,1.0
1789796292,10,,Aggregated,48.000000,0.000000,1,1,1,1,1,2,3,7,18,18,18,557,0,1,0.7683556442043645,0.2338619960937649,17.69198199326638,2.9461400359066428
1789796293,10,MYSQL,SELECT clientes,10.250000,0.000000,1,1,1,1,1,1,3,7,7,7,7,138,0,1,0.7125801161948956,0.29844501113984734,7.395826993160881,9.0
1789796293,10,MYSQL,SELECT conteo,4.875000,0.000000,0,0,1,1,1,1,3,9,9,9,9,64,0,0.2409650041954592,0.6796174050123227,0.2409650041954592,8.522377000190318,1.0
1789796293,10,MYSQL,SELECT pagos,5.875000,0.000000,0,0,1,1,1,2,2,3,3,3,3,70,0,0.24883198784664273,0.7111873997408631,0.24883198784664273,7.743334004771896,1.0
1789796293,10,MYSQL,SELECT pedidos,13.250000,0.000000,1,1,1,1,1,2,3,4,7,7,7,165,0,1,0.763474059975565,0.26079000963363796,10.942495995550416,2.0
1789796293,10,MYSQL,SELECT producto,17.625000,0.000000,0,1,1,1,1,1,3,6,18,18,18,202,0,0.2338619960937649,0.7408279702983713,0.2338619960937649,17.69198199326638,1.0
1789796293,10,,Aggregated,51.875000,0.000000,1,1,1,1,1,1,3,6,18,18,18,639,0,1,0.7311974300998183,0.2338619960937649,17.69198199326638,2.9859154929577465
1789796294,10,MYSQL,SELECT clientes,11.444444,0.000000,1,1,1,1,1,2,3,7,7,7,7,161,0,1,0.723935621309742,0.29844501113984734,7.395826993160881,9.0
1789796294,10,MYSQL,SELECT conteo,5.111111,0.000000,0,0,1,1,1,1,3,9,9,9,9,71,0,0.2409650041954592,0.6582076187019276,0.2409650041954592,8.522377000190318,1.0
1789796294,10,MYSQL,SELECT pagos,6.111111,0.000000,0,1,1,1,1,2,2,3,3,3,3,77,0,0.2373950119363144,0.686175506274736,0.2373950119363144,7.743334004771896,1.0
1789796294,10,MYSQL,SELECT pedidos,14.222222,0.000000,1,1,1,1,1,1,3,4,7,7,7,183,0,1,0.7401439504407835,0.26079000963363796,10.942495995550416,2.0
1789796294,10,MYSQL,SELECT producto,18.111111,0.000000,0,1,1,1,1,1,2,3,18,18,18,225,0,0.2338619960937649,0.717055449107041,0.2338619960937649,17.69198199326638,1.0
1789796294,10,,Aggregated,55.000000,0.000000,0,1,1,1,1,1,3,5,18,18,18,717,0,1,0.7153496637679325,0.2338619960937649,17.69198199326638,3.0516039051603907
1789796295,10,MYSQL,SELECT clientes,12.200000,0.000000,1,1,1,1,1,1,3,5,7,7,7,182,0,1,0.6964954618424699,0.29844501113984734,7.395826993160881,9.0
1789796295,10,MYSQL,SELECT conteo,6.000000,0.000000,0,0,0,1,1,1,3,9,9,9,9,80,0,0.22866200015414506,0.6313978490652516,0.22866200015414506,8.522377000190318,1.0
1789796295,10,MYSQL,SELECT pagos,5.900000,0.000000,0,0,1,1,1,1,2,3,3,3,3,84,0,0.2373950119363144,0.6637477261912343,0.2373950119363144,7.743334004771896,1.0
1789796295,10,MYSQL,SELECT pedidos,15.000000,0.000000,1,1,1,1,1,1,3,4,7,7,7,197,0,1,0.722574283942689,0.26079000963363796,10.942495995550416,2.0
1789796295,10,MYSQL,SELECT producto,18.700000,0.000000,0,1,1,1,1,1,2,3,18,18,18,258,0,0.2338619960937649,0.6911834187953654,0.2338619960937649,17.69198199326638,1.0
1789796295,10,,Aggregated,57.800000,0.000000,0,1,1,1,1,1,3,3,18,18,18,801,0,0.22866200015414506,0.691262505576189,0.22866200015414506,17.69198199326638,3.0636704119850187
1789796296,10,MYSQL,SELECT clientes,14.300000,0.000000,1,1,1,1,1,1,3,5,7,7,7,199,0,1,0.6751704573644156,0.29844501113984734,7.395826993160881,9.0
1789796296,10,MYSQL,SELECT conteo,6.400000,0.000000,0,0,0,1,1,1,3,9,9,9,9,88,0,0.22866200015414506,0.6193426918550606,0.22866200015414506,8.522377000190318,1.0
1789796296,10,MYSQL,SELECT pagos,7.100000,0.000000,0,0,1,1,1,1,2,3,3,3,3,94,0,0.2373950119363144,0.6354242870385977,0.2373950119363144,7.743334004771896,1.0
1789796296,10,MYSQL,SELECT pedidos,16.800000,0.000000,1,1,1,1,1,1,3,4,7,7,7,214,0,1,0.703263532524824,0.26079000963363796,10.942495995550416,2.0
1789796296,10,MYSQL,SELECT producto,20.500000,0.000000,0,1,1,1,1,1,1,2,3,3,3,283,0,0.2338619960937649,0.6720019999501549,0.2338619960937649,17.69198199326638,1.0
1789796296,10,,Aggregated,65.100000,0.000000,0,1,1,1,1,1,2,3,9,9,9,878,0,0.22866200015414506,0.6711456979801804,0.22866200015414506,17.69198199326638,3.0569476082004554
1789796297,10,MYSQL,SELECT clientes,16.500000,0.000000,0,1,1,1,1,1,3,5,7,7,7,220,0,1,0.6603573411914774,0.29844501113984734,7.395826993160881,9.0
1789796297,10,MYSQL,SELECT conteo,6.900000,0.000000,0,0,0,1,1,1,1,3,3,3,3,93,0,0.22866200015414506,0.6078758266984775,0.22866200015414506,8.522377000190318,1.0
1789796297,10,MYSQL,SELECT pagos,7.600000,0.000000,0,0,0,1,1,1,3,3,3,3,3,104,0,0.2373950119363144,0.639751913555441,0.2373950119363144,7.743334004771896,1.0
1789796297,10,MYSQL,SELECT pedidos,17.800000,0.000000,1,1,1,1,1,1,2,3,3,3,3,228,0,1,0.7020438725272757,0.24064299941528589,10.942495995550416,2.0
1789796297,10,MYSQL,SELECT producto,22.500000,0.000000,0,1,1,1,1,1,1,1,1,1,1,312,0,0.2338619960937649,0.6534825672413438,0.2338619960937649,17.69198199326638,1.0
1789796297,10,,Aggregated,71.300000,0.000000,0,1,1,1,1,1,1,3,7,7,7,957,0,0.22866200015414506,0.6607082861759325,0.22866200015414506,17.69198199326638,3.077324973876698
1789796298,10,MYSQL,SELECT clientes,17.300000,0.000000,0,1,1,1,1,1,3,5,7,7,7,237,0,1,0.6432836583789973,0.2881499967770651,7.395826993160881,9.0
1789796298,10,MYSQL,SELECT conteo,7.400000,0.000000,0,0,0,1,1,1,1,3,3,3,3,100,0,0.22866200015414506,0.5948332586558536,0.22866200015414506,8.522377000190318,1.0
1789796298,10,MYSQL,SELECT pagos,8.300000,0.000000,0,0,0,1,1,1,3,3,3,3,3,110,0,0.2373950119363144,0.6270493454807862,0.2373950119363144,7.743334004771896,1.0
1789796298,10,MYSQL,SELECT pedidos,17.700000,0.000000,0,1,1,1,1,1,2,3,3,3,3,244,0,1,0.6941062740940547,0.18160899344366044,10.942495995550416,2.0
1789796298,10,MYSQL,SELECT producto,24.700000,0.000000,0,1,1,1,1,1,1,1,2,2,2,339,0,0.2338619960937649,0.6436852417260568,0.2338619960937649,17.69198199326638,1.0
1789796298,10,,Aggregated,75.400000,0.000000,0,1,1,1,1,1,1,3,7,7,7,1030,0,0.18160899344366044,0.6490176783770648,0.18160899344366044,17.69198199326638,3.0776699029126213
1789796299,10,MYSQL,SELECT clientes,18.300000,0.000000,0,1,1,1,1,1,1,5,7,7,7,248,0,1,0.6409176492583826,0.2881499967770651,7.395826993160881,9.0
1789796299,10,MYSQL,SELECT conteo,7.400000,0.000000,0,0,0,1,1,1,1,3,3,3,3,111,0,0.22866200015414506,0.5787458636028155,0.22866200015414506,8.522377000190318,1.0
1789796299,10,MYSQL,SELECT pagos,8.600000,0.000000,0,0,0,0,1,1,1,3,3,3,3,118,0,0.2373950119363144,0.6145370846182123,0.2373950119363144,7.743334004771896,1.0
1789796299,10,MYSQL,SELECT pedidos,18.600000,0.000000,0,1,1,1,1,1,2,3,3,3,3,264,0,1,0.6795728440369148,0.18160899344366044,10.942495995550416,2.0
1789796299,10,MYSQL,SELECT producto,25.000000,0.000000,0,1,1,1,1,1,1,1,3,3,3,368,0,0.2338619960937649,0.6389602036980923,0.2338619960937649,17.69198199326638,1.0
1789796299,10,,Aggregated,77.900000,0.000000,0,1,1,1,1,1,1,3,7,7,7,1109,0,0.18160899344366044,0.6404403333161262,0.18160899344366044,17.69198199326638,3.0270513976555455
1789796300,10,MYSQL,SELECT clientes,18.800000,0.000000,0,1,1,1,1,1,1,5,7,7,7,262,0,1,0.6364100152926114,0.2881499967770651,7.395826993160881,9.0
1789796300,10,MYSQL,SELECT conteo,7.600000,0.000000,0,0,0,1,1,1,3,3,3,3,3,119,0,0.22866200015414506,0.5924687883474261,0.22866200015414506,8.522377000190318,1.0
1789796300,10,MYSQL,SELECT pagos,8.900000,0.000000,0,0,0,0,1,1,1,3,3,3,3,127,0,0.2373950119363144,0.6027346690951693,0.2373950119363144,7.743334004771896,1.0
1789796300,10,MYSQL,SELECT pedidos,18.600000,0.000000,0,1,1,1,1,1,2,3,3,3,3,285,0,1,0.6715701294045797,0.18160899344366044,10.942495995550416,2.0
1789796300,10,MYSQL,SELECT producto,25.400000,0.000000,0,1,1,1,1,1,1,3,4,4,4,395,0,0.2338619960937649,0.6465887062507977,0.2338619960937649,17.69198199326638,1.0
1789796300,10,,Aggregated,79.300000,0.000000,0,1,1,1,1,1,2,3,7,7,7,1188,0,0.18160899344366044,0.6402277261317043,0.18160899344366044,17.69198199326638,3.0042087542087543
1789796301,10,MYSQL,SELECT clientes,18.500000,0.000000,0,1,1,1,1,1,1,3,5,5,5,279,0,1,0.638713082548992,0.2881499967770651,7.395826993160881,9.0
1789796301,10,MYSQL,SELECT conteo,7.100000,0.000000,0,0,0,1,1,1,3,3,3,3,3,126,0,0.22866200015414506,0.5856109666407093,0.22866200015414506,8.522377000190318,1.0
1789796301,10,MYSQL,SELECT pagos,8.700000,0.000000,0,0,0,0,1,1,1,3,3,3,3,137,0,0.2213179977843538,0.5909878903758596,0.2213179977843538,7.743334004771896,1.0
1789796301,10,MYSQL,SELECT pedidos,18.800000,0.000000,0,1,1,1,1,1,2,3,3,3,3,299,0,1,0.6605297922064086,0.18160899344366044,10.942495995550416,2.0
1789796301,10,MYSQL,SELECT producto,25.800000,0.000000,0,1,1,1,1,1,2,4,4,4,4,423,0,0.2338619960937649,0.6507262055697162,0.2338619960937649,17.69198199326638,1.0
1789796301,10,,Aggregated,78.900000,0.000000,0,1,1,1,1,1,2,3,5,5,5,1264,0,0.18160899344366044,0.6374279000277666,0.18160899344366044,17.69198199326638,3.002373417721519
1789796302,10,MYSQL,SELECT clientes,18.100000,0.000000,0,1,1,1,1,1,1,3,5,5,5,294,0,1,0.6323711463324663,0.2881499967770651,7.395826993160881,9.0
1789796302,10,MYSQL,SELECT conteo,7.900000,0.000000,0,0,0,1,1,1,1,3,3,3,3,137,0,0.22866200015414506,0.5762439838697264,0.22866200015414506,8.522377000190318,1.0
1789796302,10,MYSQL,SELECT pagos,8.300000,0.000000,0,0,0,0,1,1,1,3,3,3,3,140,0,0.2213179977843538,0.5874633355623311,0.2213179977843538,7.743334004771896,1.0
1789796302,10,MYSQL,SELECT pedidos,17.700000,0.000000,0,1,1,1,1,1,2,3,3,3,3,317,0,1,0.6492742866480412,0.18160899344366044,10.942495995550416,2.0
1789796302,10,MYSQL,SELECT producto,27.000000,0.000000,0,1,1,1,1,1,2,4,4,4,4,454,0,0.2338619960937649,0.6385021627942686,0.2338619960937649,17.69198199326638,1.0
1789796302,10,,Aggregated,79.000000,0.000000,0,1,1,1,1,1,2,3,5,5,5,1342,0,0.18160899344366044,0.6280233536264165,0.18160899344366044,17.69198199326638,2.988822652757079
1789796303,10,MYSQL,SELECT clientes,18.300000,0.000000,0,1,1,1,1,1,1,3,5,5,5,316,0,0.2881499967770651,0.6220400064194109,0.2881499967770651,7.395826993160881,9.0
1789796303,10,MYSQL,SELECT conteo,8.300000,0.000000,0,0,1,1,1,1,1,3,3,3,3,144,0,0.22866200015414506,0.5737232900678969,0.22866200015414506,8.522377000190318,1.0
1789796303,10,MYSQL,SELECT pagos,8.600000,0.000000,0,0,0,1,1,1,1,3,3,3,3,147,0,0.2213179977843538,0.5839698976475973,0.2213179977843538,7.743334004771896,1.0
1789796303,10,MYSQL,SELECT pedidos,18.000000,0.000000,0,1,1,1,1,1,2,3,3,3,3,336,0,0.18160899344366044,0.6413480710502232,0.18160899344366044,10.942495995550416,2.0
1789796303,10,MYSQL,SELECT producto,25.700000,0.000000,0,1,1,1,1,1,3,4,4,4,4,479,0,0.2320140047231689,0.6359163401959491,0.2320140047231689,17.69198199326638,1.0
1789796303,10,,Aggregated,78.900000,0.000000,0,1,1,1,1,1,2,3,5,5,5,1422,0,0.18160899344366044,0.6224481361316754,0.18160899344366044,17.69198199326638,3.0140646976090015
1789796304,10,MYSQL,SELECT clientes,18.000000,0.000000,0,1,1,1,1,1,1,1,3,3,3,331,0,0.22215199714992195,0.611986145197788,0.22215199714992195,7.395826993160881,9.0
1789796304,10,MYSQL,SELECT conteo,8.200000,0.000000,0,0,1,1,1,1,1,3,3,3,3,152,0,0.19316599355079234,0.5640796300308706,0.19316599355079234,8.522377000190318,1.0
1789796304,10,MYSQL,SELECT pagos,8.200000,0.000000,0,0,0,0,1,1,1,3,3,3,3,156,0,0.2213179977843538,0.5736264098138631,0.2213179977843538,7.743334004771896,1.0
1789796304,10,MYSQL,SELECT pedidos,17.500000,0.000000,0,1,1,1,1,1,2,3,3,3,3,357,0,0.18160899344366044,0.6367055178621226,0.18160899344366044,10.942495995550416,2.0
1789796304,10,MYSQL,SELECT producto,26.600000,0.000000,0,1,1,1,1,1,3,4,4,4,4,509,0,0.22355500550474972,0.6247193830783986,0.22355500550474972,17.69198199326638,1.0
1789796304,10,,Aggregated,78.500000,0.000000,0,1,1,1,1,1,2,3,4,4,4,1505,0,0.18160899344366044,0.6133417100463824,0.18160899344366044,17.69198199326638,2.9966777408637872
1789796305,10,MYSQL,SELECT clientes,17.900000,0.000000,0,1,1,1,1,1,1,1,3,3,3,350,0,0.22215199714992195,0.6047441057411821,0.22215199714992195,7.395826993160881,9.0
1789796305,10,MYSQL,SELECT conteo,7.700000,0.000000,0,0,1,1,1,1,1,3,3,3,3,160,0,0.19316599355079234,0.5570668609834684,0.19316599355079234,8.522377000190318,1.0
1789796305,10,MYSQL,SELECT pagos,8.300000,0.000000,0,0,0,0,1,1,1,3,3,3,3,163,0,0.2213179977843538,0.5652643431283739,0.2213179977843538,7.743334004771896,1.0
1789796305,10,MYSQL,SELECT pedidos,17.100000,0.000000,0,1,1,1,1,1,2,3,3,3,3,375,0,0.18160899344366044,0.6283189623694246,0.18160899344366044,10.942495995550416,2.0
1789796305,10,MYSQL,SELECT producto,27.000000,0.000000,0,1,1,1,1,1,3,4,4,4,4,534,0,0.22355500550474972,0.6202801329588207,0.22355500550474972,17.69198199326638,1.0
1789796305,10,,Aggregated,78.000000,0.000000,0,1,1,1,1,1,2,3,4,4,4,1582,0,0.18160899344366044,0.6066867412043224,0.18160899344366044,17.69198199326638,3.006953223767383
1789796306,10,MYSQL,SELECT clientes,17.800000,0.000000,0,1,1,1,1,1,1,1,3,3,3,370,0,0.22215199714992195,0.6061519837129634,0.22215199714992195,7.395826993160881,9.0
1789796306,10,MYSQL,SELECT conteo,8.100000,0.000000,0,0,1,1,1,1,1,3,3,3,3,167,0,0.19316599355079234,0.5547893817416633,0.19316599355079234,8.522377000190318,1.0
1789796306,10,MYSQL,SELECT pagos,7.700000,0.000000,0,0,0,1,1,1,1,2,2,2,2,176,0,0.2213179977843538,0.568955448464046,0.2213179977843538,7.743334004771896,1.0
1789796306,10,MYSQL,SELECT pedidos,17.000000,0.000000,0,1,1,1,1,1,3,3,5,5,5,392,0,0.18160899344366044,0.6493133465965559,0.18160899344366044,10.942495995550416,2.0
1789796306,10,MYSQL,SELECT producto,27.600000,0.000000,0,1,1,1,1,1,3,4,4,4,4,554,0,0.22355500550474972,0.6266681498230943,0.22355500550474972,17.69198199326638,1.0
1789796306,10,,Aggregated,78.200000,0.000000,0,1,1,1,1,1,2,3,5,5,5,1659,0,0.18160899344366044,0.6140851154443463,0.18160899344366044,17.69198199326638,3.0204942736588305
1789796307,10,MYSQL,SELECT clientes,16.600000,0.000000,0,1,1,1,1,1,1,1,3,3,3,384,0,0.22215199714992195,0.6060574296498089,0.22215199714992195,7.395826993160881,9.0
1789796307,10,MYSQL,SELECT conteo,8.100000,0.000000,0,0,1,1,1,1,1,3,3,3,3,169,0,0.19316599355079234,0.5522650695294307,0.19316599355079234,8.522377000190318,1.0
1789796307,10,MYSQL,SELECT pagos,8.000000,0.000000,0,0,0,1,1,1,1,2,2,2,2,183,0,0.2213179977843538,0.5629535297999322,0.2213179977843538,7.743334004771896,1.0
1789796307,10,MYSQL,SELECT pedidos,17.200000,0.000000,0,1,1,1,1,1,3,5,18,18,18,418,0,1,0.6846709182607367,0.18160899344366044,17.864058987470344,2.0
1789796307,10,MYSQL,SELECT producto,27.900000,0.000000,0,1,1,1,1,1,3,4,4,4,4,579,0,0.22355500550474972,0.6234279360935021,0.22355500550474972,17.69198199326638,1.0
1789796307,10,,Aggregated,77.800000,0.000000,0,1,1,1,1,1,2,3,18,18,18,1733,0,0.18160899344366044,0.6210251382114909,0.18160899344366044,17.864058987470344,3.013848817080208
1789796308,10,MYSQL,SELECT clientes,17.400000,0.000000,0,1,1,1,1,1,1,3,4,4,4,403,0,0.22215199714992195,0.6084565309621047,0.22215199714992195,7.395826993160881,9.0
1789796308,10,MYSQL,SELECT conteo,7.900000,0.000000,0,0,1,1,1,1,1,3,3,3,3,179,0,0.19316599355079234,0.5462748030566106,0.19316599355079234,8.522377000190318,1.0
1789796308,10,MYSQL,SELECT pagos,7.800000,0.000000,0,0,0,1,1,1,1,2,2,2,2,187,0,0.2213179977843538,0.5603281709951982,0.2213179977843538,7.743334004771896,1.0
1789796308,10,MYSQL,SELECT pedidos,17.700000,0.000000,0,1,1,1,1,1,3,5,18,18,18,438,0,1,0.6840662986489829,0.18160899344366044,17.864058987470344,2.0
1789796308,10,MYSQL,SELECT producto,27.100000,0.000000,0,1,1,1,1,1,3,4,4,4,4,604,0,0.22355500550474972,0.6201456307949319,0.22355500550474972,17.69198199326638,1.0
1789796308,10,,Aggregated,77.900000,0.000000,0,1,1,1,1,1,2,4,18,18,18,1811,0,0.18160899344366044,0.6195259743287449,0.18160899344366044,17.864058987470344,3.022087244616234
1789796309,10,MYSQL,SELECT clientes,17.000000,0.000000,0,1,1,1,1,1,1,3,4,4,4,421,0,0.22215199714992195,0.6085162826594199,0.22215199714992195,7.395826993160881,9.0
1789796309,10,MYSQL,SELECT conteo,7.800000,0.000000,0,1,1,1,1,1,1,3,3,3,3,188,0,0.19316599355079234,0.5462900732341718,0.19316599355079234,8.522377000190318,1.0
1789796309,10,MYSQL,SELECT pagos,8.000000,0.000000,0,0,1,1,1,1,1,2,2,2,2,196,0,0.2213179977843538,0.556296611852749,0.2213179977843538,7.743334004771896,1.0
1789796309,10,MYSQL,SELECT pedidos,17.900000,0.000000,0,1,1,1,1,1,3,5,18,18,18,451,0,1,0.6799703498630105,0.18160899344366044,17.864058987470344,2.0
1789796309,10,MYSQL,SELECT producto,26.700000,0.000000,0,1,1,1,1,1,2,4,4,4,4,630,0,0.22355500550474972,0.6209501221920142,0.22355500550474972,17.69198199326638,1.0
1789796309,10,,Aggregated,77.400000,0.000000,0,1,1,1,1,1,2,3,18,18,18,1886,0,0.18160899344366044,0.618126844888635,0.18160899344366044,17.864058987470344,3.02492046659597
1789796310,10,MYSQL,SELECT clientes,16.500000,0.000000,0,1,1,1,1,1,2,4,5,5,5,436,0,0.22215199714992195,0.6170544013102782,0.22215199714992195,7.395826993160881,9.0
1789796310,10,MYSQL,SELECT conteo,7.600000,0.000000,0,1,1,1,1,1,1,1,1,1,1,200,0,0.19316599355079234,0.5425844039564254,0.19316599355079234,8.522377000190318,1.0
1789796310,10,MYSQL,SELECT pagos,7.800000,0.000000,0,0,1,1,1,1,1,2,2,2,2,207,0,0.2213179977843538,0.5500705504693217,0.2213179977843538,7.743334004771896,1.0
1789796310,10,MYSQL,SELECT pedidos,18.900000,0.000000,1,1,1,1,1,1,3,5,18,18,18,472,0,1,0.6772072008323572,0.18160899344366044,17.864058987470344,2.0
1789796310,10,MYSQL,SELECT producto,26.500000,0.000000,0,1,1,1,1,1,2,3,4,4,4,654,0,0.22355500550474972,0.6189027140134182,0.22355500550474972,17.69198199326638,1.0
1789796310,10,,Aggregated,77.300000,0.000000,0,1,1,1,1,1,2,3,18,18,18,1969,0,0.18160899344366044,0.617481654376518,0.18160899344366044,17.864058987470344,3.011173184357542
1789796311,10,MYSQL,SELECT clientes,16.900000,0.000000,0,1,1,1,1,1,2,4,5,5,5,455,0,0.22215199714992195,0.614620199853012,0.22215199714992195,7.395826993160881,9.0
1789796311,10,MYSQL,SELECT conteo,8.100000,0.000000,0,1,1,1,1,1,1,1,1,1,1,203,0,0.19316599355079234,0.5422862108425224,0.19316599355079234,8.522377000190318,1.0
1789796311,10,MYSQL,SELECT pagos,7.500000,0.000000,0,0,1,1,1,1,1,2,2,2,2,219,0,0.2213179977843538,0.5442794425929706,0.2213179977843538,7.743334004771896,1.0
1789796311,10,MYSQL,SELECT pedidos,18.700000,0.000000,1,1,1,1,1,1,3,5,18,18,18,495,0,1,0.6744378440392514,0.18160899344366044,17.864058987470344,2.0
1789796311,10,MYSQL,SELECT producto,26.100000,0.000000,0,1,1,1,1,1,2,3,5,5,5,681,0,0.22355500550474972,0.6207466724787862,0.22355500550474972,17.69198199326638,1.0
1789796311,10,,Aggregated,77.300000,0.000000,0,1,1,1,1,1,2,3,18,18,18,2053,0,0.18160899344366044,0.6164192432632712,0.18160899344366044,17.864058987470344,3.014125669751583
1789796312,10,MYSQL,SELECT clientes,17.500000,0.000000,0,1,1,1,1,1,2,4,5,5,5,473,0,0.22215199714992195,0.6103442281808992,0.22215199714992195,7.395826993160881,9.0
1789796312,10,MYSQL,SELECT conteo,7.700000,0.000000,0,1,1,1,1,1,1,1,1,1,1,211,0,0.19316599355079234,0.5387036864048805,0.19316599355079234,8.522377000190318,1.0
1789796312,10,MYSQL,SELECT pagos,7.800000,0.000000,0,0,1,1,1,1,1,2,2,2,2,225,0,0.2213179977843538,0.5415053463851413,0.2213179977843538,7.743334004771896,1.0
1789796312,10,MYSQL,SELECT pedidos,18.600000,0.000000,1,1,1,1,1,1,3,5,18,18,18,514,0,1,0.6703538478149196,0.18160899344366044,17.864058987470344,2.0
1789796312,10,MYSQL,SELECT producto,25.800000,0.000000,0,1,1,1,1,1,2,3,5,5,5,709,0,0.22355500550474972,0.6174679153442202,0.22355500550474972,17.69198199326638,1.0
1789796312,10,,Aggregated,77.400000,0.000000,0,1,1,1,1,1,2,3,18,18,18,2132,0,0.18160899344366044,0.612825811657398,0.18160899344366044,17.864058987470344,3.0159474671669795
1789796313,10,MYSQL,SELECT clientes,17.100000,0.000000,0,1,1,1,1,1,2,4,5,5,5,490,0,0.22215199714992195,0.6050398529326657,0.22215199714992195,7.395826993160881,9.0
1789796313,10,MYSQL,SELECT conteo,8.000000,0.000000,0,1,1,1,1,1,1,1,1,1,1,217,0,0.19316599355079234,0.5360123125888828,0.19316599355079234,8.522377000190318,1.0
1789796313,10,MYSQL,SELECT pagos,7.600000,0.000000,0,0,0,1,1,1,1,2,2,2,2,231,0,0.2213179977843538,0.5380968438275965,0.2213179977843538,7.743334004771896,1.0
1789796313,10,MYSQL,SELECT pedidos,19.100000,0.000000,1,1,1,1,1,1,3,5,18,18,18,533,0,1,0.6640039208650023,0.18160899344366044,17.864058987470344,2.0
1789796313,10,MYSQL,SELECT producto,26.000000,0.000000,0,1,1,1,1,1,2,2,5,5,5,738,0,0.22355500550474972,0.6114356462103264,0.22355500550474972,17.69198199326638,1.0
1789796313,10,,Aggregated,77.800000,0.000000,0,1,1,1,1,1,2,3,18,18,18,2209,0,0.18160899344366044,0.6076225293876123,0.18160899344366044,17.864058987470344,3.01584427342689
1789796314,10,MYSQL,SELECT clientes,17.300000,0.000000,0,1,1,1,1,1,2,4,5,5,5,509,0,0.22215199714992195,0.5989769428901188,0.22215199714992195,7.395826993160881,9.0
1789796314,10,MYSQL,SELECT conteo,7.500000,0.000000,0,0,1,1,1,1,1,1,1,1,1,224,0,0.19316599355079234,0.5316670036726074,0.19316599355079234,8.522377000190318,1.0
1789796314,10,MYSQL,SELECT pagos,8.200000,0.000000,0,0,0,1,1,1,1,2,2,2,2,242,0,0.2213179977843538,0.5321611609037634,0.2213179977843538,7.743334004771896,1.0
1789796314,10,MYSQL,SELECT pedidos,19.800000,0.000000,1,1,1,1,1,1,3,5,18,18,18,551,0,1,0.6571717128698915,0.18160899344366044,17.864058987470344,2.0
1789796314,10,MYSQL,SELECT producto,25.400000,0.000000,0,1,1,1,1,1,2,2,5,5,5,765,0,0.22355500550474972,0.6060806116746629,0.22355500550474972,17.69198199326638,1.0
1789796314,10,,Aggregated,78.200000,0.000000,0,1,1,1,1,1,2,3,18,18,18,2291,0,0.18160899344366044,0.6017062223548113,0.18160899344366044,17.864058987470344,3.0178961152335226
1789796315,10,MYSQL,SELECT clientes,17.600000,0.000000,0,1,1,1,1,1,2,5,6,6,6,526,0,0.22215199714992195,0.6099830017719036,0.22215199714992195,7.395826993160881,9.0
1789796315,10,MYSQL,SELECT conteo,7.400000,0.000000,0,1,1,1,1,1,1,1,1,1,1,232,0,0.19316599355079234,0.5298835078127891,0.19316599355079234,8.522377000190318,1.0
1789796315,10,MYSQL,SELECT pagos,8.400000,0.000000,0,0,1,1,1,1,1,2,2,2,2,245,0,0.2213179977843538,0.5311492201515796,0.2213179977843538,7.743334004771896,1.0
1789796315,10,MYSQL,SELECT pedidos,19.700000,0.000000,1,1,1,1,1,1,5,5,18,18,18,570,0,1,0.6681249575258494,0.18160899344366044,17.864058987470344,2.0
1789796315,10,MYSQL,SELECT producto,25.300000,0.000000,0,1,1,1,1,1,2,2,5,5,5,799,0,0.22355500550474972,0.6072839172707069,0.22355500550474972,17.69198199326638,1.0
1789796315,10,,Aggregated,78.400000,0.000000,0,1,1,1,1,1,2,4,18,18,18,2372,0,0.18160899344366044,0.6070685781495592,0.18160899344366044,17.864058987470344,3.0143338954468804
1789796316,10,MYSQL,SELECT clientes,17.000000,0.000000,0,1,1,1,1,1,2,5,6,6,6,545,0,0.2152070082956925,0.6083573779163866,0.2152070082956925,7.395826993160881,9.0
1789796316,10,MYSQL,SELECT conteo,7.100000,0.000000,0,1,1,1,1,1,1,1,1,1,1,240,0,0.19316599355079234,0.5270357823974336,0.19316599355079234,8.522377000190318,1.0
1789796316,10,MYSQL,SELECT pagos,8.500000,0.000000,0,0,0,1,1,1,1,1,1,1,1,255,0,0.2213179977843538,0.5262414075653342,0.2213179977843538,7.743334004771896,1.0
1789796316,10,MYSQL,SELECT pedidos,19.500000,0.000000,1,1,1,1,1,1,4,5,18,18,18,588,0,1,0.6644766662971886,0.18160899344366044,17.864058987470344,2.0
1789796316,10,MYSQL,SELECT producto,25.900000,0.000000,0,1,1,1,1,1,1,2,5,5,5,826,0,0.22355500550474972,0.6055045943149393,0.22355500550474972,17.69198199326638,1.0
1789796316,10,,Aggregated,78.000000,0.000000,0,1,1,1,1,1,2,4,18,18,18,2454,0,0.18160899344366044,0.6043577800961132,0.18160899344366044,17.864058987470344,3.0162999185004074
1789796317,10,MYSQL,SELECT clientes,17.600000,0.000000,0,1,1,1,1,1,2,5,6,6,6,563,0,0.2152070082956925,0.6057062006094799,0.2152070082956925,7.395826993160881,9.0
1789796317,10,MYSQL,SELECT conteo,7.100000,0.000000,0,1,1,1,1,1,1,1,1,1,1,245,0,0.19316599355079234,0.5259151541395113,0.19316599355079234,8.522377000190318,1.0
1789796317,10,MYSQL,SELECT pagos,8.500000,0.000000,0,0,1,1,1,1,1,1,1,1,1,263,0,0.2213179977843538,0.5245375092970844,0.2213179977843538,7.743334004771896,1.0
1789796317,10,MYSQL,SELECT pedidos,19.400000,0.000000,1,1,1,1,1,1,2,5,5,5,5,608,0,1,0.660811307122793,0.18160899344366044,17.864058987470344,2.0
1789796317,10,MYSQL,SELECT producto,25.900000,0.000000,0,1,1,1,1,1,1,2,5,5,5,860,0,0.2143909950973466,0.6005738103805587,0.2143909950973466,17.69198199326638,1.0
1789796317,10,,Aggregated,78.500000,0.000000,0,1,1,1,1,1,1,2,6,6,6,2539,0,0.18160899344366044,0.6010562900001533,0.18160899344366044,17.864058987470344,3.013391098857818
1789796318,10,MYSQL,SELECT clientes,17.000000,0.000000,1,1,1,1,1,1,2,5,6,6,6,582,0,0.2152070082956925,0.6022673383320336,0.2152070082956925,7.395826993160881,9.0
1789796318,10,MYSQL,SELECT conteo,7.300000,0.000000,0,1,1,1,1,1,1,1,1,1,1,256,0,0.19316599355079234,0.5221497413003817,0.19316599355079234,8.522377000190318,1.0
1789796318,10,MYSQL,SELECT pagos,8.000000,0.000000,0,0,0,1,1,1,1,1,1,1,1,274,0,0.2213179977843538,0.5189044269126412,0.2213179977843538,7.743334004771896,1.0
1789796318,10,MYSQL,SELECT pedidos,19.600000,0.000000,1,1,1,1,1,1,2,5,5,5,5,627,0,1,0.655218980415647,0.18160899344366044,17.864058987470344,2.0
1789796318,10,MYSQL,SELECT producto,26.600000,0.000000,0,1,1,1,1,1,1,2,5,5,5,882,0,0.2143909950973466,0.5965234976802486,0.2143909950973466,17.69198199326638,1.0
1789796318,10,,Aggregated,78.500000,0.000000,0,1,1,1,1,1,1,2,6,6,6,2621,0,0.18160899344366044,0.5964615655592502,0.18160899344366044,17.864058987470344,3.015642884395269
1789796319,10,MYSQL,SELECT clientes,17.900000,0.000000,0,1,1,1,1,1,2,6,6,6,6,597,0,0.2152070082956925,0.6105706514556654,0.2152070082956925,7.395826993160881,9.0
1789796319,10,MYSQL,SELECT conteo,7.500000,0.000000,0,1,1,1,1,1,2,5,5,5,5,270,0,0.19316599355079234,0.5513229919381922,0.19316599355079234,8.522377000190318,1.0
1789796319,10,MYSQL,SELECT pagos,7.700000,0.000000,0,0,1,1,1,1,1,1,1,1,1,281,0,0.2213179977843538,0.5205988147987046,0.2213179977843538,7.743334004771896,1.0
1789796319,10,MYSQL,SELECT pedidos,19.200000,0.000000,1,1,1,1,1,1,2,5,5,5,5,642,0,1,0.6548967051506187,0.18160899344366044,17.864058987470344,2.0
1789796319,10,MYSQL,SELECT producto,27.400000,0.000000,0,1,1,1,1,1,1,4,5,5,5,914,0,0.2143909950973466,0.5972538402051099,0.2143909950973466,17.69198199326638,1.0
1789796319,10,,Aggregated,79.700000,0.000000,0,1,1,1,1,1,1,4,6,6,6,2704,0,0.18160899344366044,0.6013276066401434,0.18160899344366044,17.864058987470344,3.003698224852071
1789796320,10,MYSQL,SELECT clientes,17.900000,0.000000,1,1,1,1,1,1,2,6,6,6,6,617,0,0.2152070082956925,0.6139687810778449,0.2152070082956925,7.395826993160881,9.0
1789796320,10,MYSQL,SELECT conteo,7.700000,0.000000,0,1,1,1,1,2,5,8,8,8,8,274,0,0.19316599355079234,0.5785459190493205,0.19316599355079234,8.522377000190318,1.0
1789796320,10,MYSQL,SELECT pagos,7.900000,0.000000,0,0,1,1,1,1,1,1,1,1,1,288,0,0.2213179977843538,0.5245100622535878,0.2213179977843538,7.743334004771896,1.0
1789796320,10,MYSQL,SELECT pedidos,19.000000,0.000000,1,1,1,1,1,1,2,5,5,5,5,665,0,1,0.6611356145616523,0.18160899344366044,17.864058987470344,2.0
1789796320,10,MYSQL,SELECT producto,27.900000,0.000000,0,1,1,1,1,1,2,4,5,5,5,938,0,0.2143909950973466,0.6052381054350316,0.2143909950973466,17.69198199326638,1.0
1789796320,10,,Aggregated,80.400000,0.000000,0,1,1,1,1,1,2,5,8,8,8,2782,0,0.18160899344366044,0.609549872126217,0.18160899344366044,17.864058987470344,3.0132997843278218
1789796321,10,MYSQL,SELECT clientes,17.700000,0.000000,1,1,1,1,1,1,2,6,6,6,6,635,0,0.2152070082956925,0.6146331511366394,0.2152070082956925,7.395826993160881,9.0
1789796321,10,MYSQL,SELECT conteo,7.800000,0.000000,0,1,1,1,1,1,5,8,8,8,8,285,0,0.19316599355079234,0.577321097565194,0.19316599355079234,8.522377000190318,1.0
1789796321,10,MYSQL,SELECT pagos,8.800000,0.000000,0,1,1,1,1,1,1,3,3,3,3,298,0,0.2213179977843538,0.5323517649694683,0.2213179977843538,7.743334004771896,1.0
1789796321,10,MYSQL,SELECT pedidos,19.000000,0.000000,1,1,1,1,1,1,4,5,6,6,6,674,0,1,0.6727716998295244,0.18160899344366044,17.864058987470344,2.0
1789796321,10,MYSQL,SELECT producto,27.800000,0.000000,0,1,1,1,1,1,1,3,5,5,5,966,0,0.2143909950973466,0.6047765247341328,0.2143909950973466,17.69198199326638,1.0
1789796321,10,,Aggregated,81.100000,0.000000,0,1,1,1,1,1,2,5,8,8,8,2858,0,0.18160899344366044,0.612712259733037,0.18160899344366044,17.864058987470344,3.013296011196641
1789796322,10,MYSQL,SELECT clientes,17.500000,0.000000,1,1,1,1,1,1,2,6,6,6,6,653,0,1,0.6125347426859662,0.2152070082956925,7.395826993160881,9.0
1789796322,10,MYSQL,SELECT conteo,8.200000,0.000000,0,1,1,1,1,2,5,8,8,8,8,291,0,0.19316599355079234,0.5841064152345413,0.19316599355079234,8.522377000190318,1.0
1789796322,10,MYSQL,SELECT pagos,8.400000,0.000000,0,1,1,1,1,1,1,3,3,3,3,303,0,0.2213179977843538,0.5326255906327926,0.2213179977843538,7.743334004771896,1.0
1789796322,10,MYSQL,SELECT pedidos,19.200000,0.000000,1,1,1,1,1,1,4,5,6,6,6,693,0,1,0.6745204482863228,0.18160899344366044,17.864058987470344,2.0
1789796322,10,MYSQL,SELECT producto,28.000000,0.000000,0,1,1,1,1,1,3,4,5,5,5,995,0,0.2143909950973466,0.611658099378885,0.2143909950973466,17.69198199326638,1.0
1789796322,10,,Aggregated,81.300000,0.000000,0,1,1,1,1,1,3,5,8,8,8,2935,0,0.18160899344366044,0.6158051745530957,0.18160899344366044,17.864058987470344,3.0160136286201022
1789796323,10,MYSQL,SELECT clientes,18.100000,0.000000,1,1,1,1,1,1,2,6,6,6,6,676,0,1,0.6113224823212805,0.2152070082956925,7.395826993160881,9.0
1789796323,10,MYSQL,SELECT conteo,7.200000,0.000000,0,1,1,1,1,2,5,8,8,8,8,293,0,0.19316599355079234,0.5829748390151074,0.19316599355079234,8.522377000190318,1.0
1789796323,10,MYSQL,SELECT pagos,8.100000,0.000000,0,1,1,1,1,1,1,3,3,3,3,308,0,0.2213179977843538,0.5314710940549592,0.2213179977843538,7.743334004771896,1.0
1789796323,10,MYSQL,SELECT pedidos,18.900000,0.000000,1,1,1,1,1,2,4,5,6,6,6,715,0,1,0.6754948932618893,0.18160899344366044,17.864058987470344,2.0
1789796323,10,MYSQL,SELECT producto,28.300000,0.000000,1,1,1,1,1,1,3,4,5,5,5,1027,0,0.2143909950973466,0.6122583611355958,0.2143909950973466,17.69198199326638,1.0
1789796323,10,,Aggregated,80.600000,0.000000,1,1,1,1,1,1,3,4,8,8,8,3019,0,0.18160899344366044,0.6159413409798102,0.18160899344366044,17.864058987470344,3.028155018217953
1789796324,10,MYSQL,SELECT clientes,17.900000,0.000000,1,1,1,1,1,1,2,6,6,6,6,689,0,1,0.6104550697661312,0.2152070082956925,7.395826993160881,9.0
1789796324,10,MYSQL,SELECT conteo,8.200000,0.000000,0,1,1,1,1,2,5,8,8,8,8,300,0,0.19316599355079234,0.5811755395067545,0.19316599355079234,8.522377000190318,1.0
1789796324,10,MYSQL,SELECT pagos,7.900000,0.000000,0,1,1,1,1,1,1,3,3,3,3,316,0,0.2213179977843538,0.5314637055562343,0.2213179977843538,7.743334004771896,1.0
1789796324,10,MYSQL,SELECT pedidos,17.700000,0.000000,1,1,1,1,1,1,4,5,6,6,6,738,0,1,0.672686422289618,0.18160899344366044,17.864058987470344,2.0
1789796324,10,MYSQL,SELECT producto,28.600000,0.000000,1,1,1,1,1,1,3,3,5,5,5,1055,0,0.2143909950973466,0.6098130728770268,0.2143909950973466,17.69198199326638,1.0
1789796324,10,,Aggregated,80.300000,0.000000,1,1,1,1,1,1,3,5,8,8,8,3098,0,0.18160899344366044,0.6141685304750362,0.18160899344366044,17.864058987470344,3.0174306003873466
1789796325,10,MYSQL,SELECT clientes,17.800000,0.000000,1,1,1,1,1,1,1,2,6,6,6,701,0,1,0.608707646337456,0.2152070082956925,7.395826993160881,9.0
1789796325,10,MYSQL,SELECT conteo,8.000000,0.000000,0,1,1,1,1,2,5,8,8,8,8,314,0,0.19316599355079234,0.574882706665437,0.19316599355079234,8.522377000190318,1.0
1789796325,10,MYSQL,SELECT pagos,7.800000,0.000000,0,1,1,1,1,1,1,3,3,3,3,325,0,0.2213179977843538,0.5279447752624177,0.2213179977843538,7.743334004771896,1.0
1789796325,10,MYSQL,SELECT pedidos,17.500000,0.000000,1,1,1,1,1,1,3,4,6,6,6,750,0,1,0.6704863181997401,0.18160899344366044,17.864058987470344,2.0
1789796325,10,MYSQL,SELECT producto,28.700000,0.000000,1,1,1,1,1,1,3,3,5,5,5,1086,0,0.2143909950973466,0.6055499842513908,0.2143909950973466,17.69198199326638,1.0
1789796325,10,,Aggregated,79.800000,0.000000,1,1,1,1,1,1,3,4,8,8,8,3176,0,0.18160899344366044,0.6106080930360848,0.18160899344366044,17.864058987470344,3.001889168765743
1789796326,10,MYSQL,SELECT clientes,18.500000,0.000000,1,1,1,1,1,1,1,4,6,6,6,714,0,1,0.6103925491717099,0.2152070082956925,7.395826993160881,9.0
1789796326,10,MYSQL,SELECT conteo,7.600000,0.000000,0,1,1,1,1,2,5,8,8,8,8,325,0,0.19316599355079234,0.569969584287789,0.19316599355079234,8.522377000190318,1.0
1789796326,10,MYSQL,SELECT pagos,7.500000,0.000000,0,1,1,1,1,1,1,3,3,3,3,333,0,0.2213179977843538,0.5244625884464134,0.2213179977843538,7.743334004771896,1.0
1789796326,10,MYSQL,SELECT pedidos,18.100000,0.000000,1,1,1,1,1,1,3,4,6,6,6,772,0,1,0.6662290007799775,0.18160899344366044,17.864058987470344,2.0
1789796326,10,MYSQL,SELECT producto,28.500000,0.000000,1,1,1,1,1,1,3,3,5,5,5,1112,0,0.2143909950973466,0.602671649162959,0.2143909950973466,17.69198199326638,1.0
1789796326,10,,Aggregated,80.200000,0.000000,1,1,1,1,1,1,3,4,8,8,8,3256,0,0.18160899344366044,0.60817140645766,0.18160899344366044,17.864058987470344,2.9914004914004915
1789796327,10,MYSQL,SELECT clientes,17.900000,0.000000,1,1,1,1,1,1,1,4,6,6,6,727,0,0.2152070082956925,0.607216264231885,0.2152070082956925,7.395826993160881,9.0
1789796327,10,MYSQL,SELECT conteo,7.700000,0.000000,0,1,1,1,1,2,5,8,8,8,8,328,0,0.19316599355079234,0.5715697679545151,0.19316599355079234,8.522377000190318,1.0
1789796327,10,MYSQL,SELECT pagos,7.500000,0.000000,0,0,1,1,1,1,1,3,3,3,3,343,0,0.2213179977843538,0.5212574896847955,0.2213179977843538,7.743334004771896,1.0
1789796327,10,MYSQL,SELECT pedidos,18.400000,0.000000,1,1,1,1,1,1,3,4,6,6,6,794,0,1,0.6615178546405243,0.18160899344366044,17.864058987470344,2.0
1789796327,10,MYSQL,SELECT producto,28.400000,0.000000,1,1,1,1,1,1,3,3,5,5,5,1142,0,0.2143909950973466,0.6032915988488688,0.2143909950973466,17.69198199326638,1.0
1789796327,10,,Aggregated,79.900000,0.000000,1,1,1,1,1,1,3,4,8,8,8,3334,0,0.18160899344366044,0.6064536920868419,0.18160899344366044,17.864058987470344,2.982603479304139
1789796328,10,MYSQL,SELECT clientes,17.500000,0.000000,1,1,1,1,1,1,1,4,6,6,6,743,0,0.2152070082956925,0.6042695613469851,0.2152070082956925,7.395826993160881,9.0
1789796328,10,MYSQL,SELECT conteo,8.100000,0.000000,0,1,1,1,1,2,2,8,8,8,8,338,0,0.19316599355079234,0.5692526741682128,0.19316599355079234,8.522377000190318,1.0
1789796328,10,MYSQL,SELECT pagos,7.900000,0.000000,0,0,1,1,1,1,1,3,3,3,3,353,0,0.2213179977843538,0.519211048018926,0.2213179977843538,7.743334004771896,1.0
1789796328,10,MYSQL,SELECT pedidos,17.900000,0.000000,1,1,1,1,1,1,3,4,6,6,6,805,0,1,0.659387122412351,0.18160899344366044,17.864058987470344,2.0
1789796328,10,MYSQL,SELECT producto,28.500000,0.000000,1,1,1,1,1,1,3,3,5,5,5,1171,0,0.2143909950973466,0.6020210835724603,0.2143909950973466,17.69198199326638,1.0
1789796328,10,,Aggregated,79.900000,0.000000,1,1,1,1,1,1,3,4,8,8,8,3410,0,0.18160899344366044,0.6042329942245279,0.18160899344366044,17.864058987470344,2.9791788856304984
1789796329,10,MYSQL,SELECT clientes,16.300000,0.000000,1,1,1,1,1,1,1,2,4,4,4,755,0,0.2152070082956925,0.6038453603403902,0.2152070082956925,7.395826993160881,9.0
1789796329,10,MYSQL,SELECT conteo,8.400000,0.000000,0,0,1,1,1,1,2,8,8,8,8,347,0,0.19316599355079234,0.5664330226874451,0.19316599355079234,8.522377000190318,1.0
1789796329,10,MYSQL,SELECT pagos,7.900000,0.000000,0,1,1,1,1,1,1,3,3,3,3,364,0,0.2213179977843538,0.5188889723625495,0.2213179977843538,7.743334004771896,1.0
1789796329,10,MYSQL,SELECT pedidos,18.300000,0.000000,1,1,1,1,1,1,3,4,6,6,6,822,0,1,0.657612248833706,0.18160899344366044,17.864058987470344,2.0
1789796329,10,MYSQL,SELECT producto,28.400000,0.000000,1,1,1,1,1,1,2,3,4,4,4,1198,0,0.2143909950973466,0.5996868129293333,0.2143909950973466,17.69198199326638,1.0
1789796329,10,,Aggregated,79.300000,0.000000,1,1,1,1,1,1,2,3,8,8,8,3486,0,0.18160899344366044,0.602499472834238,0.18160899344366044,17.864058987470344,2.9684452094090648
1789796330,10,MYSQL,SELECT clientes,16.100000,0.000000,1,1,1,1,1,1,1,2,4,4,4,778,0,1,0.6035514152361916,0.2152070082956925,7.395826993160881,9.0
1789796330,10,MYSQL,SELECT conteo,8.100000,0.000000,0,1,1,1,1,1,1,2,2,2,2,353,0,0.19316599355079234,0.5649392801503818,0.19316599355079234,8.522377000190318,1.0
1789796330,10,MYSQL,SELECT pagos,8.000000,0.000000,0,0,1,1,1,1,1,3,3,3,3,374,0,0.2213179977843538,0.5171546763254897,0.2213179977843538,7.743334004771896,1.0
1789796330,10,MYSQL,SELECT pedidos,18.200000,0.000000,1,1,1,1,1,1,3,4,6,6,6,836,0,1,0.6611733200222378,0.18160899344366044,17.864058987470344,2.0
1789796330,10,MYSQL,SELECT producto,28.200000,0.000000,1,1,1,1,1,1,2,3,4,4,4,1220,0,0.2143909950973466,0.5976510523784081,0.2143909950973466,17.69198199326638,1.0
1789796330,10,,Aggregated,78.600000,0.000000,1,1,1,1,1,1,2,3,6,6,6,3561,0,0.18160899344366044,0.602156022278243,0.18160899344366044,17.864058987470344,2.982589160348217
1789796331,10,MYSQL,SELECT clientes,16.000000,0.000000,1,1,1,1,1,1,1,4,4,4,4,793,0,0.2152070082956925,0.6065839093008512,0.2152070082956925,7.395826993160881,9.0
1789796331,10,MYSQL,SELECT conteo,7.900000,0.000000,0,0,1,1,1,1,1,2,2,2,2,359,0,0.19316599355079234,0.5636533673964234,0.19316599355079234,8.522377000190318,1.0
1789796331,10,MYSQL,SELECT pagos,7.700000,0.000000,0,0,1,1,1,1,1,1,1,1,1,385,0,0.2213179977843538,0.5178908933507423,0.2213179977843538,7.743334004771896,1.0
1789796331,10,MYSQL,SELECT pedidos,17.500000,0.000000,1,1,1,1,1,1,2,3,4,4,4,850,0,1,0.6609994524007883,0.18160899344366044,17.864058987470344,2.0
1789796331,10,MYSQL,SELECT producto,28.700000,0.000000,1,1,1,1,1,1,2,3,5,5,5,1250,0,0.2143909950973466,0.5978054167819209,0.2143909950973466,17.69198199326638,1.0
1789796331,10,,Aggregated,77.800000,0.000000,0,1,1,1,1,1,2,3,5,5,5,3637,0,0.18160899344366044,0.6026579319298867,0.18160899344366044,17.864058987470344,2.978003849326368
1789796332,10,MYSQL,SELECT clientes,15.500000,0.000000,0,1,1,1,1,1,1,4,4,4,4,806,0,0.2152070082956925,0.6045858325825533,0.2152070082956925,7.395826993160881,9.0
1789796332,10,MYSQL,SELECT conteo,7.800000,0.000000,0,0,1,1,1,1,1,1,1,1,1,367,0,0.19316599355079234,0.5603288879636447,0.19316599355079234,8.522377000190318,1.0
1789796332,10,MYSQL,SELECT pagos,8.100000,0.000000,0,0,1,1,1,1,1,1,1,1,1,390,0,0.2213179977843538,0.5162433408818637,0.2213179977843538,7.743334004771896,1.0
1789796332,10,MYSQL,SELECT pedidos,17.800000,0.000000,1,1,1,1,1,1,2,3,4,4,4,870,0,1,0.6567796086424148,0.18160899344366044,17.864058987470344,2.0
1789796332,10,MYSQL,SELECT producto,28.400000,0.000000,0,1,1,1,1,1,2,2,5,5,5,1282,0,0.2143909950973466,0.5945590779623169,0.2143909950973466,17.69198199326638,1.0
1789796332,10,,Aggregated,77.600000,0.000000,0,1,1,1,1,1,1,2,5,5,5,3715,0,0.18160899344366044,0.5997024988841759,0.18160899344366044,17.864058987470344,2.9698519515477795
1789796333,10,MYSQL,SELECT clientes,16.100000,0.000000,0,1,1,1,1,1,2,4,9,9,9,828,0,0.2152070082956925,0.6116500520048964,0.2152070082956925,9.113674008403905,9.0
1789796333,10,MYSQL,SELECT conteo,7.900000,0.000000,0,0,1,1,1,1,1,1,1,1,1,372,0,0.19316599355079234,0.5599581099006408,0.19316599355079234,8.522377000190318,1.0
1789796333,10,MYSQL,SELECT pagos,8.400000,0.000000,0,0,1,1,1,1,1,1,1,1,1,397,0,0.2213179977843538,0.5147167404433853,0.2213179977843538,7.743334004771896,1.0
1789796333,10,MYSQL,SELECT pedidos,17.100000,0.000000,1,1,1,1,1,1,1,2,4,4,4,892,0,1,0.6528229636297824,0.18160899344366044,17.864058987470344,2.0
1789796333,10,MYSQL,SELECT producto,28.000000,0.000000,0,1,1,1,1,1,1,2,5,5,5,1305,0,0.2143909950973466,0.5926405171769176,0.2143909950973466,17.69198199326638,1.0
1789796333,10,,Aggregated,77.500000,0.000000,0,1,1,1,1,1,1,2,9,9,9,3794,0,0.18160899344366044,0.5995801698399472,0.18160899344366044,17.864058987470344,2.981022667369531
1789796335,10,MYSQL,SELECT clientes,15.800000,0.000000,0,1,1,1,1,1,4,4,9,9,9,845,0,0.2152070082956925,0.6091969374108498,0.2152070082956925,9.113674008403905,9.0
1789796335,10,MYSQL,SELECT conteo,7.400000,0.000000,0,0,1,1,1,1,1,1,1,1,1,378,0,0.19316599355079234,0.5592867774702855,0.19316599355079234,8.522377000190318,1.0
1789796335,10,MYSQL,SELECT pagos,8.700000,0.000000,0,0,1,1,1,1,1,1,1,1,1,404,0,0.2213179977843538,0.5132656409805709,0.2213179977843538,7.743334004771896,1.0
1789796335,10,MYSQL,SELECT pedidos,17.300000,0.000000,0,1,1,1,1,1,1,2,4,4,4,913,0,1,0.6484342842746111,0.18160899344366044,17.864058987470344,2.0
1789796335,10,MYSQL,SELECT producto,28.100000,0.000000,0,1,1,1,1,1,1,2,5,5,5,1331,0,0.2143909950973466,0.5904273575412881,0.2143909950973466,17.69198199326638,1.0
1789796335,10,,Aggregated,77.300000,0.000000,0,1,1,1,1,1,1,2,9,9,9,3871,0,0.18160899344366044,0.597111972973976,0.18160899344366044,17.864058987470344,2.9821751485404286
1789796336,10,MYSQL,SELECT clientes,15.200000,0.000000,0,1,1,1,1,1,3,4,9,9,9,857,0,0.2152070082956925,0.6112120012861928,0.2152070082956925,9.113674008403905,9.0
1789796336,10,MYSQL,SELECT conteo,7.900000,0.000000,0,0,1,1,1,1,1,1,1,1,1,385,0,0.19316599355079234,0.5590169555613432,0.19316599355079234,8.522377000190318,1.0
1789796336,10,MYSQL,SELECT pagos,8.900000,0.000000,0,0,1,1,1,1,1,1,1,1,1,415,0,0.2213179977843538,0.5121289059892857,0.2213179977843538,7.743334004771896,1.0
1789796336,10,MYSQL,SELECT pedidos,17.600000,0.000000,0,1,1,1,1,1,1,2,4,4,4,929,0,1,0.6462579166341976,0.18160899344366044,17.864058987470344,2.0
1789796336,10,MYSQL,SELECT producto,27.800000,0.000000,0,1,1,1,1,1,1,2,5,5,5,1363,0,0.2143909950973466,0.588087071046255,0.2143909950973466,17.69198199326638,1.0
1789796336,10,,Aggregated,77.400000,0.000000,0,1,1,1,1,1,1,2,9,9,9,3949,0,0.18160899344366044,0.5959736620329585,0.18160899344366044,17.864058987470344,2.9713851608002027
1789796337,10,MYSQL,SELECT clientes,15.600000,0.000000,0,1,1,1,1,1,3,4,9,9,9,878,0,0.2152070082956925,0.6136456766663807,0.2152070082956925,9.113674008403905,9.0
1789796337,10,MYSQL,SELECT conteo,7.700000,0.000000,0,0,1,1,1,1,1,1,1,1,1,394,0,0.19316599355079234,0.5559399489477055,0.19316599355079234,8.522377000190318,1.0
1789796337,10,MYSQL,SELECT pagos,8.600000,0.000000,0,1,1,1,1,1,1,1,1,1,1,424,0,0.2213179977843538,0.510709363090496,0.2213179977843538,7.743334004771896,1.0
1789796337,10,MYSQL,SELECT pedidos,17.400000,0.000000,0,1,1,1,1,1,1,2,4,4,4,946,0,1,0.6432868779639873,0.18160899344366044,17.864058987470344,2.0
1789796337,10,MYSQL,SELECT producto,27.600000,0.000000,0,1,1,1,1,1,1,1,5,5,5,1391,0,0.2143909950973466,0.585786058109419,0.2143909950973466,17.69198199326638,1.0
1789796337,10,,Aggregated,76.900000,0.000000,0,1,1,1,1,1,1,2,9,9,9,4033,0,0.18160899344366044,0.5945300786841018,0.18160899344366044,17.864058987470344,2.9761963798661046
1789796338,10,MYSQL,SELECT clientes,15.500000,0.000000,0,1,1,1,1,2,4,7,9,9,9,895,0,0.2152070082956925,0.6232989532157633,0.2152070082956925,9.113674008403905,9.0
1789796338,10,MYSQL,SELECT conteo,7.100000,0.000000,0,0,1,1,1,1,1,1,1,1,1,410,0,0.19316599355079234,0.5548125826796267,0.19316599355079234,8.522377000190318,1.0
1789796338,10,MYSQL,SELECT pagos,9.000000,0.000000,0,1,1,1,1,1,1,1,1,1,1,435,0,0.2213179977843538,0.5099667262636531,0.2213179977843538,7.743334004771896,1.0
1789796338,10,MYSQL,SELECT pedidos,17.800000,0.000000,0,1,1,1,1,1,1,4,4,4,4,958,0,1,0.6465099369224826,0.18160899344366044,17.864058987470344,2.0
1789796338,10,MYSQL,SELECT producto,27.500000,0.000000,0,1,1,1,1,1,1,1,5,5,5,1413,0,0.2143909950973466,0.584660419561193,0.2143909950973466,17.69198199326638,1.0
1789796338,10,,Aggregated,76.900000,0.000000,0,1,1,1,1,1,1,3,9,9,9,4111,0,0.18160899344366044,0.5966049477896249,0.18160899344366044,17.864058987470344,2.9747020189734856
1789796339,10,MYSQL,SELECT clientes,16.400000,0.000000,0,1,1,1,1,2,4,7,9,9,9,911,0,0.2152070082956925,0.6237395654553108,0.2152070082956925,9.113674008403905,9.0
1789796339,10,MYSQL,SELECT conteo,6.800000,0.000000,0,0,1,1,1,1,1,1,1,1,1,418,0,0.19316599355079234,0.5528804064621373,0.19316599355079234,8.522377000190318,1.0
1789796339,10,MYSQL,SELECT pagos,9.000000,0.000000,0,0,1,1,1,1,1,1,1,1,1,446,0,0.2213179977843538,0.5087636635276477,0.2213179977843538,7.743334004771896,1.0
1789796339,10,MYSQL,SELECT pedidos,17.400000,0.000000,0,1,1,1,1,1,4,4,6,6,6,972,0,1,0.6522954234376946,0.18160899344366044,17.864058987470344,2.0
1789796339,10,MYSQL,SELECT producto,27.500000,0.000000,0,1,1,1,1,1,1,1,5,5,5,1440,0,0.2143909950973466,0.5828116103152247,0.2143909950973466,17.69198199326638,1.0
1789796339,10,,Aggregated,77.100000,0.000000,0,1,1,1,1,1,2,4,9,9,9,4187,0,0.18160899344366044,0.5969713920228458,0.18160899344366044,17.864058987470344,2.9727728684021972
